Store name,Website,Country,Product category,Est. monthly visitors,Trend (last month),Status,Match-score (1-5),Paid search %,Found via,Date researched,Notes,Products copied
Drune,https://drune.de,DE,Dames & heren (2000+ producten),1.5M,+209%,PRIORITEIT (≥75K),4,95%,Tranco-scan,2026-09-27,"Grootste vondst. Producttypes verraden bronstores: 'stuttgart-mode', 'vardi dante', 'kaufmann mode', 'holda königsallee'",nee
Karlson Berlin,https://karlson-berlin.com,DE,"Dames & heren, 'Naam | product'-titels",981.1K,+181%,PRIORITEIT (≥75K),5,40%,Zoekopdracht + Tranco,2026-09-27,"Symmetry-thema, 100% prijzen op ,95",nee
Nordheim Mode,https://nordheim-mode.de,DE,"Dames & heren, schoenen, bikini's",545.5K,-5%,PRIORITEIT (≥75K),5,87%,Tranco-scan,2026-09-27,"Impulse-thema (zoals Daily Berlin), 12 taalmarkten",nee
Lozenda Fashion,https://lozendafashion.com,DE,"Dames & heren, 2000+ producten",192.1K,-26%,PRIORITEIT (≥75K),5,82%,Tranco-scan,2026-09-27,"Actief in DE/IT/FR, 12 markten",nee
Sassy Classy,https://sassyclassy.de,DE,"Dames, blouses/musselin",148.6K,+16%,PRIORITEIT (≥75K),3,29%,Tranco-scan,2026-09-27,Oogt meer als eigen boutique-label; vooral organisch verkeer,nee
Risora,https://risora-shop.de,DE,Gemengd: mode + huis/tuin,121.3K,+6%,PRIORITEIT (≥75K),4,88%,Tranco-scan,2026-09-27,Themanaam letterlijk 'Risora - Google',nee
Velareeh Haus,https://velareehhaus.com,DE,"Dames & heren, jurken",95.3K,+47%,PRIORITEIT (≥75K),5,77%,Tranco-scan,2026-09-27,Thema 'Kopie van ...' → vermoedelijk NL-operator; DE+NL verkeer,nee
Nordspur,https://nordspur.de,DE,Jassen/steppjassen D&H,89K,+20%,PRIORITEIT (≥75K),5,87%,Tranco-scan,2026-09-27,"Impact-thema, 100% ,95",nee
Falkenberg Mode,https://falkenberg-mode.de,DE,"Dames & heren, badmode, jurken",83.6K,+22%,PRIORITEIT (≥75K),5,0%,Tranco-scan,2026-09-27,SimilarWeb meldt 100% organisch - controleren,nee
Alpenkind Mode,https://alpenkindmode.com,DE,Dirndl/tracht + casual D&H,76.9K,-33%,PRIORITEIT (≥75K),5,80%,Zoekopdracht + Tranco,2026-09-27,"Net boven 75K, dalend",nee
Ladypolitan,https://ladypolitan.de,DE,Dames,67K,-27%,Monitoren (25-75K),3,16%,Tranco-scan,2026-09-27,"Lijkt echte boutique, vooral organisch",nee
Walther Mode,https://walther-mode.com,DE,Dames & heren,41.5K,+590%,Monitoren (25-75K),5,83%,Zoekopdracht,2026-09-27,"Sterk groeiend; 12 taalmarkten, vooral IT-verkeer",nee
Nicole Modehaus,https://nicole-modehaus.de,DE,Dames & heren,32.4K,-4%,Monitoren (25-75K),5,,Tranco-scan,2026-09-27,Zelfde catalogus als nina-nicole.de; 85% paid social,nee
Cecile Lavelle,https://cecilelavelle.com,DE,"Dames & heren, jassen",26.2K,-60%,Monitoren (25-75K),5,73%,Zoekopdracht,2026-09-27,DE/US/UK verkeer,nee
wittenwald,https://wittenwald.de,DE,Mode D&H,<25K / geen SW-data,,Niet opnemen (checken volgende maand),,,Zoekopdracht/Tranco,2026-09-27,"geen totaal (groei +125%, vooral ES/AT)",nee
nina-nicole,https://nina-nicole.de,DE,Mode D&H,<25K / geen SW-data,,Niet opnemen (checken volgende maand),,,Zoekopdracht/Tranco,2026-09-27,geen data; zusterstore van nicole-modehaus.de,nee
orthoday,https://orthoday.de,DE,Mode D&H,<25K / geen SW-data,,Niet opnemen (checken volgende maand),,,Zoekopdracht/Tranco,2026-09-27,geen totaal,nee
chaps-herrenmode,https://chaps-herrenmode.de,DE,Mode D&H,<25K / geen SW-data,,Niet opnemen (checken volgende maand),,,Zoekopdracht/Tranco,2026-09-27,geen data,nee
leipzigmodehausshop,https://leipzigmodehausshop.de,DE,Mode D&H,<25K / geen SW-data,,Niet opnemen (checken volgende maand),,,Zoekopdracht/Tranco,2026-09-27,geen data,nee
fabrikstil,https://fabrikstil.de,DE,Mode D&H,<25K / geen SW-data,,Niet opnemen (checken volgende maand),,,Zoekopdracht/Tranco,2026-09-27,niet in SimilarWeb,nee
althausmode,https://althausmode.com,DE,Mode D&H,<25K / geen SW-data,,Niet opnemen (checken volgende maand),,,Zoekopdracht/Tranco,2026-09-27,niet in SimilarWeb,nee
berlinsprime,https://berlinsprime.de,DE,Mode D&H,<25K / geen SW-data,,Niet opnemen (checken volgende maand),,,Zoekopdracht/Tranco,2026-09-27,geen data,nee
modemuller,https://modemuller.de,DE,Mode D&H,<25K / geen SW-data,,Niet opnemen (checken volgende maand),,,Zoekopdracht/Tranco,2026-09-27,geen data,nee
herrmann-modehaus,https://herrmann-modehaus.de,DE,Mode D&H,<25K / geen SW-data,,Niet opnemen (checken volgende maand),,,Zoekopdracht/Tranco,2026-09-27,geen totaal,nee
nordmodehaus,https://nordmodehaus.com,DE,Mode D&H,<25K / geen SW-data,,Niet opnemen (checken volgende maand),,,Zoekopdracht/Tranco,2026-09-27,"geen totaal (+255%, 96% paid) → volgende maand checken",nee
falkenhof-mode,https://falkenhof-mode.de,DE,Mode D&H,<25K / geen SW-data,,Niet opnemen (checken volgende maand),,,Zoekopdracht/Tranco,2026-09-27,geen totaal (94% paid),nee
modehaushartmann,https://modehaushartmann.de,DE,Mode D&H,<25K / geen SW-data,,Niet opnemen (checken volgende maand),,,Zoekopdracht/Tranco,2026-09-27,geen totaal (92% paid),nee
bellarosamode,https://bellarosamode.com,DE,Mode D&H,<25K / geen SW-data,,Niet opnemen (checken volgende maand),,,Zoekopdracht/Tranco,2026-09-27,geen totaal (UK/FR),nee
annoboutique,https://annoboutique.com,DE,Mode D&H,<25K / geen SW-data,,Niet opnemen (checken volgende maand),,,Zoekopdracht/Tranco,2026-09-27,geen totaal,nee
berlinlook,https://berlinlook.com,DE,Mode D&H,<25K / geen SW-data,,Niet opnemen (checken volgende maand),,,Zoekopdracht/Tranco,2026-09-27,geen totaal,nee
stefanberlin,https://stefanberlin.com,DE,Mode D&H,<25K / geen SW-data,,Niet opnemen (checken volgende maand),,,Zoekopdracht/Tranco,2026-09-27,geen totaal (+338%),nee
kiezstudio,https://kiezstudio.com,DE,Mode D&H,<25K / geen SW-data,,Niet opnemen (checken volgende maand),,,Zoekopdracht/Tranco,2026-09-27,geen data,nee
sophia-zurich,https://sophia-zurich.com,DE,Mode D&H,<25K / geen SW-data,,Niet opnemen (checken volgende maand),,,Zoekopdracht/Tranco,2026-09-27,geen totaal (CH),nee
mathilde-munchen,https://mathilde-munchen.de,DE,Mode D&H,<25K / geen SW-data,,Niet opnemen (checken volgende maand),,,Zoekopdracht/Tranco,2026-09-27,geen totaal,nee
kaufmannmode,https://kaufmannmode.de,DE,Mode D&H,<25K / geen SW-data,,Niet opnemen (checken volgende maand),,,Zoekopdracht/Tranco,2026-09-27,geen data; bronstore van Drune,nee
Leon Boutique,https://leonboutique.co,DE,"Dames & heren, 'Naam | product'",242.6K,-20%,PRIORITEIT (≥75K),5,78%,Tranco-scan (FR-lijst),2026-09-27,"Gevonden tijdens FR-ronde; DE 56%, PK 37%",nee
