Store name,Website,Country,Product category,Est. monthly visitors,Trend (last month),Status,Match-score (1-5),Paid search %,Top countries,Found via,Date researched,Notes,Products copied
Moreau Lyon,https://moreau-lyon.fr,FR,Dames & heren,426.4K,+30%,PRIORITEIT (≥75K),5,69%,FR 98%,Tranco-scan,2026-09-27,"Sleek-thema, 100% ,95, 'MERK | PRODUCT'-titels",nee
Lumière Boutique,https://lumiereboutique.fr,FR,Dames,275.4K,+77%,PRIORITEIT (≥75K),5,79%,FR 100%,Tranco-scan,2026-09-27,Thema 'nieuw thema' → vermoedelijk NL-operator,nee
Laurent Monaco,https://laurentmonaco.fr,FR,Heren,268.6K,-4%,PRIORITEIT (≥75K),5,79%,FR 100%,Tranco-scan,2026-09-27,Zelfde thema als Wentworth London (UK) → zelfde operator,nee
Look de Paris,https://lookdeparis.com,FR,Dames,235.8K,+49%,PRIORITEIT (≥75K),4,93%,FR 100%,Tranco-scan,2026-09-27,"Identieke catalogus als boutique-paris.fr (165.6K) → netwerk; prijzen op ,99",nee
Armand et Fils,https://armandetfils.fr,FR,Heren,195.1K,+142%,PRIORITEIT (≥75K),5,84%,FR 99%,Tranco-scan,2026-09-27,Sterk groeiend,nee
Boutique Paris,https://boutique-paris.fr,FR,Dames,165.6K,+70%,PRIORITEIT (≥75K),4,38%,FR 100%,Zoekopdracht + Tranco,2026-09-27,Zusterstore Look de Paris,nee
Cette Saison,https://cettesaison.fr,FR,Dames,151.9K,+61%,Referentie (ander model),2,21%,"FR 85%, BE 15%",Tranco-scan,2026-09-27,"Chinese operator (themanaam), ,99-prijzen - ander model",nee
Maison Villard,https://maisonvillard.fr,FR,Dames,95.6K,-55%,PRIORITEIT (≥75K),5,45%,"FR 79%, BE 21%",Tranco-scan,2026-09-27,,nee
Parisane,https://parisane.fr,FR,Heren,77.3K,+84%,PRIORITEIT (≥75K),5,69%,FR 100%,Tranco-scan,2026-09-27,,nee
Dolce Paris,https://dolce-paris.com,FR,Dames & heren,64.6K,-8%,Monitoren (25-75K),5,92%,FR 83%,Tranco-scan,2026-09-27,,nee
Laurence Boutique,https://laurence-boutique.fr,FR,Dames,63.3K,-50%,Monitoren (25-75K),5,84%,FR 100%,Tranco-scan,2026-09-27,,nee
Jetta,https://jetta.fr,FR,Gemengd,50.9K,3%,Monitoren (25-75K),3,5%,FR 100%,Tranco-scan,2026-09-27,,nee
Boutique Élégance Bordeaux,https://boutique-elegance-bordeaux.fr,FR,Dames & heren,34.3K,-52%,Monitoren (25-75K),5,0%,FR 100%,Tranco-scan,2026-09-27,,nee
Frilivin,https://frilivin.fr,FR,Heren,19.8K,-20%,Niet opnemen / volgende maand checken,4,29%,FR 93%,Zoekopdracht + Tranco,2026-09-27,,nee
Evienne,https://evienne.fr,FR,Dames,9.1K,-62%,Niet opnemen / volgende maand checken,5,92%,FR 100%,Zoekopdracht,2026-09-27,,nee
