Land,Store,Rank,Product,Prijs,Categorie,URL
FR,moreau-lyon.fr,1,MOREAU LYON | SANDALES CHIC AJUSTABLES POUR FEMMES,34.95,Women's Sandals,https://moreau-lyon.fr/products/moreau-lyon-sandales-chic-ajustables-pour-femmes
FR,moreau-lyon.fr,2,MOREAU LYON | ROBE MIDI D'ÉTÉ POUR FEMMES,34.95,Women Dress,https://moreau-lyon.fr/products/moreau-lyon-robe-midi-dete-pour-femmes
FR,moreau-lyon.fr,3,MOREAU LYON | ROBE BOHÉMIENNE CHIC ET FLUIDE POUR FEMMES,39.95,Women’s Dresses,https://moreau-lyon.fr/products/moreau-lyon-robe-bohemienne-chic-et-fluide-pour-femmes
FR,moreau-lyon.fr,4,MOREAU LYON | MAILLOT DE BAIN AMINCISSANT POUR FEMMES,29.95,Women's Swimsuits,https://moreau-lyon.fr/products/moreau-lyon-maillot-de-bain-amincissant-pour-femmes
FR,moreau-lyon.fr,5,MOREAU LYON | ROBE MIDI EN LIN FLORAL ANCIEN POUR FEMMES,39.95,Women’s Dresses,https://moreau-lyon.fr/products/moreau-lyon-robe-midi-en-lin-floral-ancien-pour-femmes
FR,moreau-lyon.fr,6,MOREAU LYON | MAILLOT DE BAIN ÉLÉGANT POUR FEMMES,39.95,Women's Swimsuits,https://moreau-lyon.fr/products/moreau-lyon-maillot-de-bain-elegant-pour-femmes
FR,moreau-lyon.fr,7,MOREAU LYON | ROBE MIDI FLEURIE ÉLÉGANTE POUR FEMMES,44.95,Women’s Dresses,https://moreau-lyon.fr/products/moreau-lyon-robe-midi-fleurie-elegante-pour-femmes
FR,moreau-lyon.fr,8,MOREAU LYON | ENSEMBLE EN LIN EN TROIS PIÈCES POUR FEMMES,54.95,Women’s Sets,https://moreau-lyon.fr/products/moreau-lyon-ensemble-en-lin-en-trois-pieces-pour-femmes
FR,moreau-lyon.fr,9,MOREAU LYON | ROBE BRODÉE POUR FEMME,44.95,Women’s Dresses,https://moreau-lyon.fr/products/moreau-lyon-robe-brodee-pour-femme
FR,moreau-lyon.fr,10,MOREAU LYON | ROBE MIDI ÉLÉGANTE CHIC POUR FEMMES,69.95,Women’s Dresses,https://moreau-lyon.fr/products/moreau-lyon-robe-midi-elegante-chic-pour-femmes
FR,lumiereboutique.fr,1,Robe Femme Coton Col V Coupe Fluide Style Décontracté Élégant,44.95,,https://lumiereboutique.fr/products/robe-femme-coton-col-v-coupe-fluide-style-decontracte-elegant
FR,lumiereboutique.fr,2,Combinaison Femme Élégante Décolleté V Coupe Fluide Jambes Larges,49.95,,https://lumiereboutique.fr/products/combinaison-femme-elegante-decollete-v-coupe-fluide-jambes-larges
FR,lumiereboutique.fr,3,Sandales Plates Pour Femmes au Style Estival et Élégant,49.95,Sandales,https://lumiereboutique.fr/products/sandales-plates-pour-femmes-au-style-estival-et-elegant
FR,lumiereboutique.fr,4,Robe Femme Coton Lin Boutonnée Manches Volantées Style Estival,44.95,,https://lumiereboutique.fr/products/robe-femme-coton-lin-boutonnee-manches-volantees-style-estival
FR,lumiereboutique.fr,5,Robe Chemise Midi Femme Lin Coton Boutonnée Élégante,39.95,Short Sleeve Mini Dress,https://lumiereboutique.fr/products/robe-chemise-midi-femme-lin-coton-boutonnee-elegante
FR,lumiereboutique.fr,6,Baskets Orthopédiques Femme – Confort Avancé et Design Moderne,49.95,,https://lumiereboutique.fr/products/nanon%E2%84%A2-baskets-de-sport-orthopediques
FR,lumiereboutique.fr,7,Robe Femme Longue Bohème Lin Coton Coupe Fluide Élégante,49.95,,https://lumiereboutique.fr/products/robe-femme-longue-boheme-lin-coton-coupe-fluide-elegante
FR,lumiereboutique.fr,8,Robe Femme Coton Lin Boutonnée Manches 3/4 Coupe Ample Élégante,49.95,,https://lumiereboutique.fr/products/robe-femme-coton-lin-boutonnee-manches-3-4-coupe-ample-elegante
FR,lumiereboutique.fr,9,Robe femme midi sans manches à encolure haute et fente – élégante été,44.95,,https://lumiereboutique.fr/products/robe-femme-midi-sans-manches-a-encolure-haute-et-fente-elegante-ete
FR,lumiereboutique.fr,10,Pull Femme Chaud en Tricot Waffle | Confort & Douceur,39.95,,https://lumiereboutique.fr/products/delvarina
FR,laurentmonaco.fr,1,LAURENT MONACO | MANTEAU DEUX PIECES,79.95,Men's Coats,https://laurentmonaco.fr/products/laurent-monaco-manteau-deux-pieces
FR,laurentmonaco.fr,2,LAURENT MONACO | CHAUSSURES ERGONOMIQUES ORTHOPÉDIQUES,59.95,Men's Shoes,https://laurentmonaco.fr/products/laurent-monaco-chaussures-ergonomiques-orthopediques
FR,laurentmonaco.fr,3,LAURENT MONACO | PANTALONS POUR HOMMES À COUPE CONFORTABLE,44.95,Men's Pants,https://laurentmonaco.fr/products/laurent-monaco-pantalons-pour-hommes-a-coupe-confortable
FR,laurentmonaco.fr,4,LAURENT MONACO | POLO DE LUXE À MANCHES LONGUES,39.95,Men's Sweaters,https://laurentmonaco.fr/products/laurent-monaco-polo-de-luxe-a-manches-longues-1
FR,laurentmonaco.fr,5,LAURENT MONACO | MANTEAU D'HIVER,69.95,Men's Jackets,https://laurentmonaco.fr/products/laurent-monaco-manteau-dhiver
FR,laurentmonaco.fr,6,LAURENT MONACO | CHEMISE ARTISANALE,34.95,Men's T-shirts,https://laurentmonaco.fr/products/laurent-monaco-chemise-artisanale
FR,laurentmonaco.fr,7,LAURENT MONACO | PULL EN PUR CACHEMIRE,54.95,Men's Sweaters,https://laurentmonaco.fr/products/laurent-monaco-pull-en-pur-cachemire
FR,laurentmonaco.fr,8,LAURENT MONACO | CHEMISE DE LUXE AVEC CAPUCHE,39.95,Men's T-shirts,https://laurentmonaco.fr/products/laurent-monaco-chemise-de-luxe-avec-capuche-3
FR,laurentmonaco.fr,9,LAURENT MONACO | BOXER EN COTON BIOLOGIQUE POUR HOMME (lot de 3),29.95,Men's Accessories,https://laurentmonaco.fr/products/laurent-monaco-boxer-en-coton-biologique-pour-homme
FR,laurentmonaco.fr,10,LAURENT MONACO | VESTE POUR HOMME DE LUXE,59.95,Men's Jackets,https://laurentmonaco.fr/products/laurent-monaco-veste-pour-homme-de-luxe
FR,lookdeparis.com,1,Arthur - Veste matelassé homme,69.99,Homme Veste,https://lookdeparis.com/products/arthur-veste-matelasse-homme
FR,lookdeparis.com,2,Pierre - Homme Pull thermique tricoté,49.99,Homme Pull,https://lookdeparis.com/products/pierre-homme-pull-thermique-tricote
FR,lookdeparis.com,3,Antoine - Chemise en Lin Décontractée Homme,34.99,Homme Chemise,https://lookdeparis.com/products/antoine-chemise-en-lin-decontractee
FR,lookdeparis.com,4,Maya – Sweat à capuche femme au design moderne,44.99,Femme Sweat,https://lookdeparis.com/products/maya-sweat-a-capuche-femme-au-design-moderne
FR,lookdeparis.com,5,Odile - Cardigan chat automne femme,59.99,Femme Gilet,https://lookdeparis.com/products/odile-cardigan-chat-automne-femme
FR,lookdeparis.com,6,Gabrielle - Cachemire Maille Femme,39.99,Femme Gilet,https://lookdeparis.com/products/gabrielle-cachemire-maille-femme
FR,lookdeparis.com,7,Débardeur Homme Côtelé En Coton Slim Fit - Rocco,29.99,Homme T-shirt,https://lookdeparis.com/products/debardeur-homme-cotele-en-coton-slim-fit-rocco
FR,lookdeparis.com,8,Hugo - Doudoune homme légère,49.99,Homme Doudoune & Parka,https://lookdeparis.com/products/hugo-doudoune-homme-legere
FR,armandetfils.fr,1,Bermuda cargo homme,44.95,Shorts,https://armandetfils.fr/products/bermuda-cargo-homme
FR,armandetfils.fr,2,Short homme rayé à cordon,27.95,Shorts,https://armandetfils.fr/products/short-de-bain-raye-a-cordon
FR,armandetfils.fr,3,Mules homme à enfiler,54.95,Sandals,https://armandetfils.fr/products/mules-homme-a-enfiler
FR,armandetfils.fr,4,Mocassins homme à empeigne unie,64.95,Loafer,https://armandetfils.fr/products/mocassins-homme-a-empeigne-unie
FR,armandetfils.fr,5,Derbies homme à œillets,64.95,Shoes,https://armandetfils.fr/products/derbies-homme-a-oeillets
FR,armandetfils.fr,6,Baskets homme maille à lacets,42.95,Sneakers,https://armandetfils.fr/products/baskets-homme-maille-a-lacets
FR,armandetfils.fr,7,Derbies homme à lacets,49.95,Shoes,https://armandetfils.fr/products/derbies-homme-a-lacets
FR,armandetfils.fr,8,Sandales homme bout fermé,49.95,Sandals,https://armandetfils.fr/products/sandales-homme-bout-ferme
FR,armandetfils.fr,9,Mocassins homme bandeau,74.95,Loafers,https://armandetfils.fr/products/mocassins-homme-bandeau
FR,armandetfils.fr,10,Pantalon homme à pinces,57.95,Pants,https://armandetfils.fr/products/pantalon-homme-pinces
UK,wilson-and-carter.com,1,MARJORIE | ORTHOPAEDIC SANDALS,24.95,Sandals,https://wilson-and-carter.com/products/marjorie
UK,wilson-and-carter.com,2,Arabella | Vibrant Pattern Midi Dress,29.95,Dress,https://wilson-and-carter.com/products/arabella-midi-dress
UK,wilson-and-carter.com,3,Mandy | Elegant Collared Button Dress,39.95,Dress,https://wilson-and-carter.com/products/mandy-button-dress
UK,wilson-and-carter.com,4,Spencer | Refined Heritage Polo Shirt,29.95,Polo Shirt,https://wilson-and-carter.com/products/spencer-shirt
UK,wilson-and-carter.com,5,Oliver | Casual Waffle Summer Shorts,29.95,Shorts,https://wilson-and-carter.com/products/oliver-shorts
UK,wilson-and-carter.com,6,Maurice | Timeless Plain Everyday Trousers,29.95,Trousers,https://wilson-and-carter.com/products/maurice-everyday-trousers
UK,wilson-and-carter.com,7,Callum | Classic Cargo Utility Shorts,29.95,Shorts,https://wilson-and-carter.com/products/callum-shorts
UK,wilson-and-carter.com,8,Nathalie | Stylish Multicolour V-Neck Dress,39.95,Dress,https://wilson-and-carter.com/products/nathalie-dress
UK,wilson-and-carter.com,9,Genevieve | Elegant Wide-Leg Jumpsuit,39.95,Jumpsuit,https://wilson-and-carter.com/products/genevieve
UK,wilson-and-carter.com,10,Garrick | Classic Collared Button Shirt,29.95,Shirt,https://wilson-and-carter.com/products/garrick-shirt
UK,wentworthlondon.com,1,VINTAGE CARGO SHORTS FOR MEN,24.95,Men's Shorts,https://wentworthlondon.com/products/vintage-cargo-shorts-for-men
UK,wentworthlondon.com,2,TEXTURED POLO SHIRT FOR MEN,29.95,Men's Shirts,https://wentworthlondon.com/products/textured-polo-shirt-for-men
UK,wentworthlondon.com,3,UTILITY CARGO SHORTS FOR MEN,24.95,Men's Short,https://wentworthlondon.com/products/utility-cargo-shorts-for-men
UK,wentworthlondon.com,4,LINEN POLO SHIRT FOR MEN,24.95,Men's Shirts,https://wentworthlondon.com/products/linen-polo-shirt-for-men
UK,wentworthlondon.com,5,QUICK DRY SWIM SHORTS FOR MEN,24.95,Men's Shorts,https://wentworthlondon.com/products/quick-dry-swim-shorts-for-men
UK,wentworthlondon.com,6,ORTHOPEDIC WALKING SHOES FOR MEN,29.95,Men's Shoes,https://wentworthlondon.com/products/orthopedic-walking-shoes-for-men
UK,wentworthlondon.com,7,DRAWSTRING SUMMER SHORTS FOR MEN,29.95,Men's Shorts,https://wentworthlondon.com/products/drawstring-summer-shorts-for-men
UK,wentworthlondon.com,8,RELAXED FIT SHORTS FOR MEN,24.95,Men's Shorts,https://wentworthlondon.com/products/relaxed-fit-shorts-for-men
UK,wentworthlondon.com,9,LEATHER SNEAKERS FOR MEN,29.95,Men's Shoes,https://wentworthlondon.com/products/leather-sneakers-for-men
UK,wentworthlondon.com,10,BLAZER JACKET FOR MEN,34.95,Men's Blazers,https://wentworthlondon.com/products/linen-blazer-jacket-for-men
UK,mayfairandfinch.co.uk,1,Relaxed Linen Summer Midi Dress with Hollow Out Detail and Flared Sleeves,34.95,Dresses,https://mayfairandfinch.co.uk/products/relaxed-linen-summer-midi-dress-with-hollow-out-detail-and-flared-sleeves
UK,mayfairandfinch.co.uk,2,Bohemian Lace Trim Blouse with Swiss Dot Texture and V-Neckline,29.95,Tops,https://mayfairandfinch.co.uk/products/bohemian-lace-trim-blouse-with-swiss-dot-texture-and-v-neckline
UK,mayfairandfinch.co.uk,3,Relaxed Linen Shorts with Elastic Waist and Side Pockets,29.95,Trousers,https://mayfairandfinch.co.uk/products/relaxed-linen-shorts-with-elastic-waist-and-side-pockets
UK,mayfairandfinch.co.uk,4,Relaxed Linen Trousers with Drawstring Waist and Straight Leg,29.95,Trousers,https://mayfairandfinch.co.uk/products/relaxed-linen-trousers-with-drawstring-waist-and-straight-leg
UK,mayfairandfinch.co.uk,5,Relaxed Linen Blouse with V-Neckline and Ruffle Sleeves,29.95,Tops,https://mayfairandfinch.co.uk/products/relaxed-linen-blouse-with-v-neckline-and-ruffle-sleeves
UK,mayfairandfinch.co.uk,6,Soft Knit Cardigan with Button Front and Round Neckline,29.95,Cardigan,https://mayfairandfinch.co.uk/products/soft-knit-cardigan-with-button-front-and-round-neckline
UK,mayfairandfinch.co.uk,7,Sleeveless Midi Dress with Round Neck and Relaxed Fit,34.95,Dresses,https://mayfairandfinch.co.uk/products/floral-patchwork-print-sleeveless-midi-dress-with-round-neck
UK,mayfairandfinch.co.uk,8,Relaxed Linen Blouse with V-Neckline and Single Button,29.95,Tops,https://mayfairandfinch.co.uk/products/relaxed-linen-blouse-with-v-neckline-and-single-button
UK,mayfairandfinch.co.uk,9,Elegant Mauve Chiffon Maxi Dress with Lace Trim and Satin Waist Belt,44.95,Dresses,https://mayfairandfinch.co.uk/products/elegant-mauve-chiffon-maxi-dress-with-lace-trim-and-satin-waist-belt
UK,mayfairandfinch.co.uk,10,Relaxed Linen Capri Pants with Side Pockets,29.95,Trousers,https://mayfairandfinch.co.uk/products/relaxed-linen-capri-pants-with-side-pockets
UK,chapslondon.co.uk,1,Lauren Men's Luxury Summer Jacket,39.95,Tops,https://chapslondon.co.uk/products/lauren-mens-luxury-summer-jacket
UK,chapslondon.co.uk,2,Bamboo Lightweight Men's Underwear – Perfect for Spring & Summer,19.95,Trunks,https://chapslondon.co.uk/products/bamboo-lightweight-mens-underwear-perfect-for-summerspring
UK,chapslondon.co.uk,3,Ice Cream Shirt - Short Sleeve - Button-Up - Polo Shirt - Men's Shirts,17.95,Men's Top,https://chapslondon.co.uk/products/ice-cream-shirt-short-sleeve-button-up-polo-shirt-mens-shirts
UK,chapslondon.co.uk,4,Overshirt - Buttoned - Chest Pockets - Men's Shirt - Shirt Jacket,30.95,Jackets,https://chapslondon.co.uk/products/overshirt-buttoned-chest-pockets-mens-shirt-shirt-jacket
UK,chapslondon.co.uk,5,Flannel Jacket - Men's Fleece Lined Plaid Overshirt Jacket for Winter,39.95,Coats & Jackets,https://chapslondon.co.uk/products/flannel-jacket-mens-fleece-lined-plaid-overshirt-jacket-for-winter
UK,chapslondon.co.uk,6,Zip-Up Hoodie | Comfy | Cotton | NY Hoodie | Men's Hoodie,35.95,Hoodies,https://chapslondon.co.uk/products/zip-up-hoodie-comfy-cotton-ny-hoodie-mens-hoodie
UK,chapslondon.co.uk,7,Linen Shirt - Long Sleeve - Lightweight - Button-Up Shirt - Men's Shirts,29.99,Men's Top,https://chapslondon.co.uk/products/linen-shirt-long-sleeve-lightweight-button-up-shirt-mens-shirts
UK,chapslondon.co.uk,8,Shipping protection,2.95,Shipping Protection,https://chapslondon.co.uk/products/shipping-protection
UK,chapslondon.co.uk,9,Linen Shirt - Cotton - Half-button - Men's Shirt - Linen Clothing For Men,26.95,Shirts,https://chapslondon.co.uk/products/linen-shirt-cotton-half-button-mens-shirt-linen-clothing-for-men
UK,chapslondon.co.uk,10,Knitted Sweater - Patchwork - Loose Fit - Pullover Sweater - Men's Knitted Jumper,28.5,Men's Long Sleeves,https://chapslondon.co.uk/products/knitted-sweater-patchwork-loose-fit-pullover-sweater-mens-knitted-jumper
