Store,Rank,Product,Prijs (€),Categorie,URL
drune.de,1,Drune | Elegante Seidenbluse Für Damen,42.99,stuttgart-mode-nov20241202,https://drune.de/products/wolff-elegante-seidenbluse-fur-damen
drune.de,2,Drune | Herren Rollkragenpullover aus hochwertigem Material,40.99,kaufmann mode20241203,https://drune.de/products/wolff-herren-rollkragenpullover-aus-hochwertigem-material
drune.de,3,Drune - Gepolsterte Jacke für Herren,100.95,kaufmann mode20241203,https://drune.de/products/wolff-gepolsterte-jacke-fur-herren
drune.de,4,Drune | Dehnbare knitterfreie Hemd,38.99,holda königsallee20241203,https://drune.de/products/wolff-dehnbare-knitterfreie-bluse
drune.de,5,Drune | Karim Hoodie Bequemer Kapuzenpullover,75.95,holda königsallee20241203,https://drune.de/products/wolff-karim-hoody-bequemer-kapuzenpulli
drune.de,6,Drune | Leder-Cowboy-Stiefel für Damen,78.75,holda königsallee20241203,https://drune.de/products/wolff-leder-cowboy-stiefel-fur-damen
drune.de,7,Drune | Oliver Winterweste aus Kordsamt,87.95,holda königsallee20241203,https://drune.de/products/wolff-oliver-winterweste-aus-kordsamt
drune.de,8,Drune | Gestepptes Cord-Samt-Jacke – Stil & Komfort Für Damen,96.99,luxza fashion20241205,https://drune.de/products/wolff-gepolsterte-cord-samt-jacke-stil-komfort-fur-damen
drune.de,9,Damen-Kleid mit schmeichelhaftem Schnitt für Alltag und besondere Anlässe,98.95,luxza fashion20241205,https://drune.de/products/wolff-stylish-ladies-dress-for-every-occasion-elegance-and-comfort-combined
drune.de,10,Drune | Damen Businessanzug - Eleganz für jedes Meeting,70.99,luxza fashion20241205,https://drune.de/products/wolff-frau-business-anzug-eleganz-fr-jedes-meeting
nordheim-mode.de,1,Isla™ - Leichtes Kleid,39.95,Cotton Dress,https://nordheim-mode.de/products/isla-baumwollkleid
nordheim-mode.de,2,Sophie | Elegantes Blumenkleid für den Sommer,59.95,Floral Dresses,https://nordheim-mode.de/products/sophie-elegantes-blumenkleid-fur-den-sommer
nordheim-mode.de,3,Eva | Dein selbstbewusster Bauch-Weg-Bikini,39.95,Damen > Bekleidung > Bademode > Bikinis,https://nordheim-mode.de/products/eva-dein-selbstbewusster-bauch-weg-bikini
nordheim-mode.de,4,Martina | Bikini kariert mit drahtfreiem BH und hochgeschnittener Unterhose,34.95,Bekleidung > Damen > Bademode > Bikini-Sets,https://nordheim-mode.de/products/martina-bikini-kariert-mit-drahtfreiem-bh-und-hochgeschnittener-unterhose
nordheim-mode.de,5,Rosa™ - Orthopädische Mokassins,44.95,Orthopedic Leather Moccasins,https://nordheim-mode.de/products/rosa-orthopadische-leder-mokassins
nordheim-mode.de,6,Sela™ – Küstenblumen Midi Kleid,39.95,Bekleidung > Damen > Kleider > Midikleider,https://nordheim-mode.de/products/sela-kustenblumen-midi-kleid
nordheim-mode.de,7,Langford Sommer Sandalen,44.95,Herren > Schuhe > Sandalen,https://nordheim-mode.de/products/langford-sommer-sandalen
nordheim-mode.de,8,Chic Schichtkleid mit Puffärmeln für Frauen,39.95,Damen > Bekleidung > Kleider > Midikleider,https://nordheim-mode.de/products/chic-schichtkleid-mit-puffarmeln-fur-frauen
nordheim-mode.de,9,Rocio™ - Vielseitiger verstellbarer Schnallen-Jeansoverall,59.95,Damen > Bekleidung > Kleider,https://nordheim-mode.de/products/rocio-vielseitiger-verstellbarer-schnallen-jeansoverall
karlson-berlin.com,1,Wilson | Klassisches Langarm-Poloshirt,54.95,Shirts Blouses & Polo's Men,https://karlson-berlin.com/products/wilson
karlson-berlin.com,2,Cassie | Perfekt sitzendes V-Ausschnitt-Kleid,39.95,Dresses Women,https://karlson-berlin.com/products/cassie
karlson-berlin.com,3,Franco | Premium-Komforthose,54.95,Jeans & Pants Men,https://karlson-berlin.com/products/franco
karlson-berlin.com,4,Calixto | Der Trendy Style-Pullover,59.95,Sweaters & Hoodies Men,https://karlson-berlin.com/products/calixto
karlson-berlin.com,5,Cristof | Lockeres Sommerhemd,39.95,Shirts Blouses & Polo's Men,https://karlson-berlin.com/products/cristof
karlson-berlin.com,6,Lynda | Orthopädische Slipper mit Seildetail,49.95,Shoes & Sneakers Women,https://karlson-berlin.com/products/lynda
karlson-berlin.com,7,Juniper | Luftiges Artisan-Kleid,54.95,Dresses Women,https://karlson-berlin.com/products/juniper
karlson-berlin.com,8,Marga | Modernes Boho-Midikleid,39.95,Dresses Women,https://karlson-berlin.com/products/marga
karlson-berlin.com,9,Rebecca | Elegantes Maxikleid,39.95,Dresses Women,https://karlson-berlin.com/products/rebecca-elegantes-maxikleid
karlson-berlin.com,10,Monica | Stilvolles Crossover-Kleid,49.95,Dresses Women,https://karlson-berlin.com/products/monica
alpenkindmode.com,1,Damen Traditionelles Dirndlkleid mit Spitzenbluse und Schnürmieder,69.95,Dirndl for Women,https://alpenkindmode.com/products/damen-traditionelles-dirndlkleid-mit-spitzenbluse-und-schnurmieder
alpenkindmode.com,2,Herren Shorts mit Rippenstruktur und aufgesetzten Taschen,39.95,Shorts for men,https://alpenkindmode.com/products/herren-shorts-mit-rippenstruktur-und-aufgesetzten-taschen
alpenkindmode.com,3,Langarm-Leinenhemd mit Knopfleiste für Herren,39.95,Shirts for men,https://alpenkindmode.com/products/langarm-leinenhemd-mit-knopfleiste-fuer-herren
alpenkindmode.com,4,Damen Traditionelles Midi Dirndl mit Schürze,64.95,Dirndl for Women,https://alpenkindmode.com/products/damen-traditionelles-midi-dirndl-mit-schurze
alpenkindmode.com,5,Herren-Leinenhemd mit Kurzarm und Stehkragen,30.45,Shirts for men,https://alpenkindmode.com/products/herren-leinenhemd-kurzarm-stehkragen
alpenkindmode.com,6,Herren-Leinenhose mit Kordelzug,30.45,Pants for Men,https://alpenkindmode.com/products/herren-leinenhose-mit-kordelzug
alpenkindmode.com,7,Herren Cord-Shorts mit Kordelzug,34.45,Shorts for men,https://alpenkindmode.com/products/herren-cord-shorts-kordelzug
alpenkindmode.com,8,Herren Kurzarm Oberteil mit Drei Knopf Leiste,35.45,T-shirt for men,https://alpenkindmode.com/products/herren-kurzarm-oberteil-mit-drei-knopf-leiste
alpenkindmode.com,9,Herrenhemd mit Knopfleiste und langen Ärmeln,39.95,Shirts for men,https://alpenkindmode.com/products/herrenhemd-mit-knopfleiste-und-langen-armeln
alpenkindmode.com,10,"Herren Dreiteiliger Anzug Set mit Sakko, Weste und Hose",149.95,Shirts for men,https://alpenkindmode.com/products/herren-dreiteiliger-anzug-set-mit-sakko-weste-und-hose
lozendafashion.com,1,Lace-Up Sneakers Herren | Rutschfest & Komfortabler Halt,59.95,AS - Mens - Sneakers,https://lozendafashion.com/products/lace-up-sneakers-herren-rutschfest-komfortabler-halt
lozendafashion.com,2,Winterjacke Damen | Feste Kapuze & Windschutz,69.95,AW - Womens - Jackets & Coats,https://lozendafashion.com/products/winterjacke-damen-feste-kapuze-windschutz
lozendafashion.com,3,Trainingsanzug Herren Set | Kapuze & Gerade Passform,49.95,AS - Mens - Loungewear Sets,https://lozendafashion.com/products/trainingsanzug-herren-set-kapuze-gerade-passform
lozendafashion.com,4,Sportanzug Herren | Hoodie mit Reißverschluss | Komplettes 2-Teile Set,56.95,AS - Mens - Sports Set,https://lozendafashion.com/products/sportanzug-herren-hoodie-mit-reissverschluss-komplettes-2-teile-set
lozendafashion.com,5,Poloshirt Herren | Slim Fit & Modern,32.95,SS - Mens - Tops & Blouses,https://lozendafashion.com/products/poloshirt-herren-slim-fit-modern
lozendafashion.com,6,Sommersandalen Damen | Bequem & Sportlich,37.95,SS - Womens - Sandals,https://lozendafashion.com/products/sommersandalen-damen-bequem-sportlich
lozendafashion.com,7,Damen Winterjacke | Doppellagiges Design | Elegante Passform | Atmungsaktiv & Warm,39.95,AW - Womens - Jackets & Coats,https://lozendafashion.com/products/damen-winterjacke-doppellagiges-design-elegante-passform-atmungsaktiv-warm
lozendafashion.com,8,Jogginganzug Damen | 2-teiliges Set & Elastikbund-Komfort,37.95,AS - Womens - Sets & Co-Ords,https://lozendafashion.com/products/jogginganzug-damen-2-teiliges-set-elastikbund-komfort
lozendafashion.com,9,Langärmliges Maxikleid - Mühelose Eleganz für jeden Anlass,37.95,Women Dress,https://lozendafashion.com/products/langarmliges-maxikleid-muhelose-eleganz-fur-jeden-anlass
lozendafashion.com,10,Sommerkleid mit Blumen Damen | Luftig & Figurumspielend,44.95,SS - Womens - Dresses,https://lozendafashion.com/products/sommerkleid-mit-blumen-damen-luftig-figurumspielend
sassyclassy.de,1,Musselin Bluse oversize - hellbeige,59.95,Bekleidung > Blusen > Musselin,https://sassyclassy.de/products/musselin-bluse-oversize-hellbeige
sassyclassy.de,2,Thermo Leggings - schwarz,39.95,Bekleidung > Leggings > Thermo,https://sassyclassy.de/products/thermo-leggings-schwarz-2
sassyclassy.de,3,"Musselin Bluse oversize, kurz - hellbeige",54.95,Bekleidung > Blusen > Musselin,https://sassyclassy.de/products/musselin-bluse-oversize-kurz-hellbeige
sassyclassy.de,4,Musselin Bluse oversize - weiß,59.95,Bekleidung > Blusen > Musselin,https://sassyclassy.de/products/musselin-bluse-oversize-weiss
sassyclassy.de,5,Musselin Bluse oversize - schwarz,59.95,Bekleidung > Blusen > Musselin,https://sassyclassy.de/products/musselin-bluse-oversize-schwarz
sassyclassy.de,6,"Musselin Bluse oversize, kurz - weiß",54.95,Bekleidung > Blusen > Musselin,https://sassyclassy.de/products/musselin-bluse-oversize-kurz-weiss
sassyclassy.de,7,"Musselin Bluse oversize, kurz - taupe",54.95,Bekleidung > Blusen > Musselin,https://sassyclassy.de/products/musselin-bluse-oversize-kurz-taupe
sassyclassy.de,8,Mesh Langarmshirt mit Leo-Print - braun,39.95,Bekleidung > Langarmshirts,https://sassyclassy.de/products/mesh-langarmshirt-mit-leo-print-braun-1
sassyclassy.de,9,"Musselin Bluse oversize, kurz - schwarz",54.95,Bekleidung > Blusen > Musselin,https://sassyclassy.de/products/musselin-bluse-oversize-kurz-schwarz
sassyclassy.de,10,"Musselin Bluse oversize, kurz - salbeigrün",54.95,Bekleidung > Blusen > Musselin,https://sassyclassy.de/products/musselin-bluse-oversize-kurz-salbeigrun
velareehhaus.com,1,Damen Maxikleid mit Korsettoberteil und Breiten Schulterträgern,80.95,Maxi Dress,https://velareehhaus.com/products/damen-maxikleid-mit-korsettoberteil-und-breiten-schultertragern
velareehhaus.com,2,Damen Maxikleid mit Spaghettiträgern drapiertem Ausschnitt und seitlichem Schlitz,44.95,Maxi Dress,https://velareehhaus.com/products/damen-maxikleid-mit-spaghettitragern-drapiertem-ausschnitt-und-seitlichem-schlitz
velareehhaus.com,3,Damen Bodenlanges Kleid mit V-Ausschnitt Spaghettiträgern und Paillettenbesatz,86.95,Dress Women,https://velareehhaus.com/products/damen-bodenlanges-kleid-mit-v-ausschnitt-spaghettitragern-und-paillettenbesatz
velareehhaus.com,4,Damen Maxikleid mit Carré-Dekolleté Spaghettiträgern Seitlicher Raffung und Beinschlitz,58.95,Maxi Dress,https://velareehhaus.com/products/damen-maxikleid-mit-carre-dekollete-spaghettitragern-seitlicher-raffung-und-beinschlitz
velareehhaus.com,5,Damen Maxikleid mit Spaghettiträgern und Gerafftem Ausschnitt mit Bindeschleife,36.95,Maxi Dress,https://velareehhaus.com/products/damen-maxikleid-mit-spaghettitragern-und-gerafftem-ausschnitt-mit-bindeschleife
velareehhaus.com,6,Damen Ärmelloses Maxikleid mit Nackenbindung Offenem Rücken und Geraffter Taillenpartie,56.95,Maxi Dress,https://velareehhaus.com/products/damen-armelloses-maxikleid-mit-nackenbindung-offenem-rucken-und-geraffter-taillenpartie
velareehhaus.com,7,Damen Midikleid mit Bustier-Oberteil Spaghettiträgern Spitzenbesatz am Ausschnitt und Tellerrock mit Seitentaschen,85.95,Midi Dress,https://velareehhaus.com/products/damen-midikleid-mit-bustier-oberteil-spaghettitragern-spitzenbesatz-am-ausschnitt-und-tellerrock-mit-seitentaschen
velareehhaus.com,8,Kenzo | Herren Klassischer Low-Top-Sneaker,90.95,Men's Sneakers,https://velareehhaus.com/products/kenzo-herren-klassischer-low-top-sneaker
velareehhaus.com,9,Damen Gerafftes Minikleid mit Karree-Ausschnitt und breiten Trägern,69.95,Mini Dress,https://velareehhaus.com/products/damen-gerafftes-minikleid-mit-karree-ausschnitt-und-breiten-tragern
velareehhaus.com,10,Damen Off-Shoulder Maxikleid mit gerafftem Oberteil und halbtransparentem Rockteil,64.95,Maxi Dress,https://velareehhaus.com/products/damen-off-shoulder-maxikleid-mit-gerafftem-oberteil-und-halbtransparentem-rockteil
falkenberg-mode.de,1,Eleganter Surplice-Badeanzug mit auffälligem buntem Druck,39.95,Figure Shaping Swimsuit,https://falkenberg-mode.de/products/luxury-surplice-swimsuit-with-colorful-print
falkenberg-mode.de,2,Lyra | Outfit mit drapierter Schleife,54.95,Outfit Set,https://falkenberg-mode.de/products/lyra-outfit-mit-drapierter-schleif
falkenberg-mode.de,3,Aikaterini – Elegantes ärmelloses Kleid mit Taschen,39.95,Elegant Dress,https://falkenberg-mode.de/products/aikaterini-elegantes-rmelloses-baumwollkleid-mit-tasche
falkenberg-mode.de,4,"Alina Doppelträger-Badeanzug – schick, figurschmeichelnde Passform mit sicherem Halt",39.95,Two-Strap Swimsuit,https://falkenberg-mode.de/products/alina-swimsuit-with-double-straps
falkenberg-mode.de,5,Martina™ | Pullover mit hohem Kragen,54.95,pullover Sweater,https://falkenberg-mode.de/products/martina%E2%84%A2-pullover-mit-hohem-kragen
falkenberg-mode.de,6,Shaharit - Eleganter Gemütlicher Strickjacke Mit Knöpfen,54.95,Elegant Sweater,https://falkenberg-mode.de/products/shaharit-eleganter-gem-tlicher-strickjacke-mit-kn-pfe
falkenberg-mode.de,7,Alvin™ | Premium Casual Hemd,39.95,Casual Shirt,https://falkenberg-mode.de/products/alvin%E2%84%A2-premium-casual-hemd
falkenberg-mode.de,8,Vintage-Blumenkleid für Damen mit Taschen,54.95,Vintage Dress,https://falkenberg-mode.de/products/vintage-kleid-fur-damen-mit-blumenmuster-aus-baumwolle-und-leinen-mit-taschen
falkenberg-mode.de,9,"Bikini mit Blumenmuster, markantem Kontrast und verführerischem Seitenschlitz",39.95,Bikini Set,https://falkenberg-mode.de/products/bikini-with-contrasting-floral-print-and-slit
falkenberg-mode.de,10,Bryony | Locker Sitzender Pullover,44.95,Comfortable Sweater,https://falkenberg-mode.de/products/bryony-locker-sitzender-pullover
nordspur.de,1,Versandschutz,2.95,Upcart - Shipping Protection,https://nordspur.de/products/versandschutz
nordspur.de,2,Winterstiefel für Herren Wasserdicht – ThermoStride,49.95,Men's Winter Boots,https://nordspur.de/products/winterstiefel-fur-damen-herren-wasserdicht-thermostride
nordspur.de,3,Wasserdichte Winterstiefel Damen gefüttert – FrostTrek Urban,54.95,Men's Winter Boots,https://nordspur.de/products/wasserdichte-winterstiefel-damen-gefuttert-frosttrek-urban
nordspur.de,4,Fahrrad-Handyhalterung wasserdicht mit Touchscreen – TouchRide 6.4,44.95,Bike Phone Mounts,https://nordspur.de/products/fahrrad-handyhalterung-wasserdicht-mit-touchscreen-touchride-6-4
nordspur.de,5,Fahrradarmlinge mit UV-Schutz & Kühlfunktion – IceGuard Sleeves,35.95,Bike Accessories,https://nordspur.de/products/fahrradarmlinge-mit-uv-schutz-kuhlfunktion-iceguard-sleeves
nordspur.de,6,Nordspur | NordicFlannel Jacke,49.95,Men's Jackets,https://nordspur.de/products/freizeitjacke-mit-karomuster-abnehmbarer-kapuze-nordicflannel-jacke
nordspur.de,7,Komfortable Walking-Schuhe im Chelsea-Design – Bequeme Slip-On Boots für Herren,54.95,Men's Chelsea Boots,https://nordspur.de/products/komfortable-walking-schuhe-im-chelsea-design-bequeme-slip-on-boots-fur-damen-herren
nordspur.de,8,Cargo Jeansjacke mit Mehrfach-Taschen & Robustem Design – UrbanTrail Jacket,84.95,Men's Jackets,https://nordspur.de/products/cargo-jeansjacke-mit-mehrfach-taschen-robustem-design-urbantrail-jacket
nordspur.de,9,Wasserdichter Allwetter-Mantel mit Kapuze & Fronttasche – StormShield Parka,54.95,Women's Jackets,https://nordspur.de/products/wasserdichter-allwetter-mantel-mit-kapuze-fronttasche-stormshield-parka
nordspur.de,10,Pyjama Damen Einteiler Fleece mit Reißverschluss – CozyLuxe Onesie,49.95,Nightwear,https://nordspur.de/products/pyjama-damen-einteiler-fleece-mit-reissverschluss-cozyluxe-onesie
risora-shop.de,1,"AirFlow Pure 3-in-1 Kühler – Stilvoll, Leise und Gesund",119.95,"AirFlow Pure 3-in-1 Kühler – Stilvoll, Leise und Gesund",https://risora-shop.de/products/airflow-pure-3-in-1-kuhler-stilvoll-leise-und-gesund
risora-shop.de,2,Orthopädisches Hundebett mit Kopfkissen – Luxus und Komfort,59.95,Orthopädisches Hundebett mit Kopfkissen – Luxus und Komfort,https://risora-shop.de/products/orthopadisches-hundebett-mit-kopfkissen-luxus-und-komfort
risora-shop.de,3,MagSafe Silikonhülle – Ultimativer Schutz und eleganter Griff,37.95,MagSafe Silikonhülle – Ultimativer Schutz und eleganter Griff,https://risora-shop.de/products/magsafe-silikonhulle-ultimativer-schutz-und-eleganter-griff
risora-shop.de,4,Design Deckenventilator mit LED – Flüsterleise Komfort und modernes Licht,149.95,Design Deckenventilator mit LED – Flüsterleise Komfort und modernes Licht,https://risora-shop.de/products/design-deckenventilator-mit-led-flusterleise-komfort-und-modernes-licht
risora-shop.de,5,"AirFlow Pure 3-in-1 Kühler – Stilvoll, Leise und Gesund",119.95,"AirFlow Pure 3-in-1 Kühler – Stilvoll, Leise und Gesund",https://risora-shop.de/products/airflow-pure-3-in-1-kuhler-stilvoll-leise-und-gesund-copy
risora-shop.de,6,Randlose Quadratische Brille für Herren – Eleganz und Komfort in Einem,34.95,Randlose Quadratische Brille für Herren – Eleganz und Komfort in Einem,https://risora-shop.de/products/randlose-quadratische-brille-fur-herren-eleganz-und-komfort-in-einem
risora-shop.de,7,RoachStop Gel – Schnell und Sicher Kakerlaken Bekämpfen,37.95,RoachStop Gel – Schnell und Sicher Kakerlaken Bekämpfen,https://risora-shop.de/products/roachstop-gel-schnell-und-sicher-kakerlaken-bekampfen
risora-shop.de,8,Leichte Sicherheitsschuhe für Herren – Atmungsaktiv mit Stahlkappenschutz,39.95,Leichte Sicherheitsschuhe für Herren – Atmungsaktiv mit Stahlkappenschutz,https://risora-shop.de/products/leichte-sicherheitsschuhe-fur-herren-atmungsaktiv-mit-stahlkappenschutz
risora-shop.de,9,Wiederaufladbare kabellose LED-Lampe – Wasserdicht & Dimmbar,34.95,Wiederaufladbare kabellose LED-Lampe – Wasserdicht & Dimmbar,https://risora-shop.de/products/wiederaufladbare-kabellose-led-lampe-wasserdicht-dimmbar
risora-shop.de,10,Unisex Fahrradschuhe mit Drehverschluss – Leicht und Komfortabel,79.95,Unisex Fahrradschuhe mit Drehverschluss – Leicht und Komfortabel,https://risora-shop.de/products/unisex-fahrradschuhe-mit-drehverschluss-leicht-und-komfortabel
