Land,Domein,Rank,Product,Prijs,Categorie,URL,Opgehaald op
DE,drune.de,1,Drune | Elegante Seidenbluse Für Damen,42.99,stuttgart-mode-nov20241202,https://drune.de/products/wolff-elegante-seidenbluse-fur-damen,2026-09-27
DE,drune.de,2,Drune | Herren Rollkragenpullover aus hochwertigem Material,40.99,kaufmann mode20241203,https://drune.de/products/wolff-herren-rollkragenpullover-aus-hochwertigem-material,2026-09-27
DE,drune.de,3,Drune - Gepolsterte Jacke für Herren,100.95,kaufmann mode20241203,https://drune.de/products/wolff-gepolsterte-jacke-fur-herren,2026-09-27
DE,drune.de,4,Drune | Dehnbare knitterfreie Hemd,38.99,holda königsallee20241203,https://drune.de/products/wolff-dehnbare-knitterfreie-bluse,2026-09-27
DE,drune.de,5,Drune | Karim Hoodie Bequemer Kapuzenpullover,75.95,holda königsallee20241203,https://drune.de/products/wolff-karim-hoody-bequemer-kapuzenpulli,2026-09-27
DE,drune.de,6,Drune | Leder-Cowboy-Stiefel für Damen,78.75,holda königsallee20241203,https://drune.de/products/wolff-leder-cowboy-stiefel-fur-damen,2026-09-27
DE,drune.de,7,Drune | Oliver Winterweste aus Kordsamt,87.95,holda königsallee20241203,https://drune.de/products/wolff-oliver-winterweste-aus-kordsamt,2026-09-27
DE,drune.de,8,Drune | Gestepptes Cord-Samt-Jacke – Stil & Komfort Für Damen,96.99,luxza fashion20241205,https://drune.de/products/wolff-gepolsterte-cord-samt-jacke-stil-komfort-fur-damen,2026-09-27
DE,drune.de,9,Damen-Kleid mit schmeichelhaftem Schnitt für Alltag und besondere Anlässe,98.95,luxza fashion20241205,https://drune.de/products/wolff-stylish-ladies-dress-for-every-occasion-elegance-and-comfort-combined,2026-09-27
DE,drune.de,10,Drune | Damen Businessanzug - Eleganz für jedes Meeting,70.99,luxza fashion20241205,https://drune.de/products/wolff-frau-business-anzug-eleganz-fr-jedes-meeting,2026-09-27
DE,nordheim-mode.de,1,Isla™ - Leichtes Kleid,39.95,Cotton Dress,https://nordheim-mode.de/products/isla-baumwollkleid,2026-09-27
DE,nordheim-mode.de,2,Sophie | Elegantes Blumenkleid für den Sommer,59.95,Floral Dresses,https://nordheim-mode.de/products/sophie-elegantes-blumenkleid-fur-den-sommer,2026-09-27
DE,nordheim-mode.de,3,Eva | Dein selbstbewusster Bauch-Weg-Bikini,39.95,Damen > Bekleidung > Bademode > Bikinis,https://nordheim-mode.de/products/eva-dein-selbstbewusster-bauch-weg-bikini,2026-09-27
DE,nordheim-mode.de,4,Martina | Bikini kariert mit drahtfreiem BH und hochgeschnittener Unterhose,34.95,Bekleidung > Damen > Bademode > Bikini-Sets,https://nordheim-mode.de/products/martina-bikini-kariert-mit-drahtfreiem-bh-und-hochgeschnittener-unterhose,2026-09-27
DE,nordheim-mode.de,5,Rosa™ - Orthopädische Mokassins,44.95,Orthopedic Leather Moccasins,https://nordheim-mode.de/products/rosa-orthopadische-leder-mokassins,2026-09-27
DE,nordheim-mode.de,6,Sela™ – Küstenblumen Midi Kleid,39.95,Bekleidung > Damen > Kleider > Midikleider,https://nordheim-mode.de/products/sela-kustenblumen-midi-kleid,2026-09-27
DE,nordheim-mode.de,7,Langford Sommer Sandalen,44.95,Herren > Schuhe > Sandalen,https://nordheim-mode.de/products/langford-sommer-sandalen,2026-09-27
DE,nordheim-mode.de,8,Chic Schichtkleid mit Puffärmeln für Frauen,39.95,Damen > Bekleidung > Kleider > Midikleider,https://nordheim-mode.de/products/chic-schichtkleid-mit-puffarmeln-fur-frauen,2026-09-27
DE,nordheim-mode.de,9,Rocio™ - Vielseitiger verstellbarer Schnallen-Jeansoverall,59.95,Damen > Bekleidung > Kleider,https://nordheim-mode.de/products/rocio-vielseitiger-verstellbarer-schnallen-jeansoverall,2026-09-27
DE,karlson-berlin.com,1,Wilson | Klassisches Langarm-Poloshirt,54.95,Shirts Blouses & Polo's Men,https://karlson-berlin.com/products/wilson,2026-09-27
DE,karlson-berlin.com,2,Cassie | Perfekt sitzendes V-Ausschnitt-Kleid,39.95,Dresses Women,https://karlson-berlin.com/products/cassie,2026-09-27
DE,karlson-berlin.com,3,Franco | Premium-Komforthose,54.95,Jeans & Pants Men,https://karlson-berlin.com/products/franco,2026-09-27
DE,karlson-berlin.com,4,Calixto | Der Trendy Style-Pullover,59.95,Sweaters & Hoodies Men,https://karlson-berlin.com/products/calixto,2026-09-27
DE,karlson-berlin.com,5,Cristof | Lockeres Sommerhemd,39.95,Shirts Blouses & Polo's Men,https://karlson-berlin.com/products/cristof,2026-09-27
DE,karlson-berlin.com,6,Lynda | Orthopädische Slipper mit Seildetail,49.95,Shoes & Sneakers Women,https://karlson-berlin.com/products/lynda,2026-09-27
DE,karlson-berlin.com,7,Juniper | Luftiges Artisan-Kleid,54.95,Dresses Women,https://karlson-berlin.com/products/juniper,2026-09-27
DE,karlson-berlin.com,8,Marga | Modernes Boho-Midikleid,39.95,Dresses Women,https://karlson-berlin.com/products/marga,2026-09-27
DE,karlson-berlin.com,9,Rebecca | Elegantes Maxikleid,39.95,Dresses Women,https://karlson-berlin.com/products/rebecca-elegantes-maxikleid,2026-09-27
DE,karlson-berlin.com,10,Monica | Stilvolles Crossover-Kleid,49.95,Dresses Women,https://karlson-berlin.com/products/monica,2026-09-27
DE,alpenkindmode.com,1,Damen Traditionelles Dirndlkleid mit Spitzenbluse und Schnürmieder,69.95,Dirndl for Women,https://alpenkindmode.com/products/damen-traditionelles-dirndlkleid-mit-spitzenbluse-und-schnurmieder,2026-09-27
DE,alpenkindmode.com,2,Herren Shorts mit Rippenstruktur und aufgesetzten Taschen,39.95,Shorts for men,https://alpenkindmode.com/products/herren-shorts-mit-rippenstruktur-und-aufgesetzten-taschen,2026-09-27
DE,alpenkindmode.com,3,Langarm-Leinenhemd mit Knopfleiste für Herren,39.95,Shirts for men,https://alpenkindmode.com/products/langarm-leinenhemd-mit-knopfleiste-fuer-herren,2026-09-27
DE,alpenkindmode.com,4,Damen Traditionelles Midi Dirndl mit Schürze,64.95,Dirndl for Women,https://alpenkindmode.com/products/damen-traditionelles-midi-dirndl-mit-schurze,2026-09-27
DE,alpenkindmode.com,5,Herren-Leinenhemd mit Kurzarm und Stehkragen,30.45,Shirts for men,https://alpenkindmode.com/products/herren-leinenhemd-kurzarm-stehkragen,2026-09-27
DE,alpenkindmode.com,6,Herren-Leinenhose mit Kordelzug,30.45,Pants for Men,https://alpenkindmode.com/products/herren-leinenhose-mit-kordelzug,2026-09-27
DE,alpenkindmode.com,7,Herren Cord-Shorts mit Kordelzug,34.45,Shorts for men,https://alpenkindmode.com/products/herren-cord-shorts-kordelzug,2026-09-27
DE,alpenkindmode.com,8,Herren Kurzarm Oberteil mit Drei Knopf Leiste,35.45,T-shirt for men,https://alpenkindmode.com/products/herren-kurzarm-oberteil-mit-drei-knopf-leiste,2026-09-27
DE,alpenkindmode.com,9,Herrenhemd mit Knopfleiste und langen Ärmeln,39.95,Shirts for men,https://alpenkindmode.com/products/herrenhemd-mit-knopfleiste-und-langen-armeln,2026-09-27
DE,alpenkindmode.com,10,"Herren Dreiteiliger Anzug Set mit Sakko, Weste und Hose",149.95,Shirts for men,https://alpenkindmode.com/products/herren-dreiteiliger-anzug-set-mit-sakko-weste-und-hose,2026-09-27
DE,lozendafashion.com,1,Lace-Up Sneakers Herren | Rutschfest & Komfortabler Halt,59.95,AS - Mens - Sneakers,https://lozendafashion.com/products/lace-up-sneakers-herren-rutschfest-komfortabler-halt,2026-09-27
DE,lozendafashion.com,2,Winterjacke Damen | Feste Kapuze & Windschutz,69.95,AW - Womens - Jackets & Coats,https://lozendafashion.com/products/winterjacke-damen-feste-kapuze-windschutz,2026-09-27
DE,lozendafashion.com,3,Trainingsanzug Herren Set | Kapuze & Gerade Passform,49.95,AS - Mens - Loungewear Sets,https://lozendafashion.com/products/trainingsanzug-herren-set-kapuze-gerade-passform,2026-09-27
DE,lozendafashion.com,4,Sportanzug Herren | Hoodie mit Reißverschluss | Komplettes 2-Teile Set,56.95,AS - Mens - Sports Set,https://lozendafashion.com/products/sportanzug-herren-hoodie-mit-reissverschluss-komplettes-2-teile-set,2026-09-27
DE,lozendafashion.com,5,Poloshirt Herren | Slim Fit & Modern,32.95,SS - Mens - Tops & Blouses,https://lozendafashion.com/products/poloshirt-herren-slim-fit-modern,2026-09-27
DE,lozendafashion.com,6,Sommersandalen Damen | Bequem & Sportlich,37.95,SS - Womens - Sandals,https://lozendafashion.com/products/sommersandalen-damen-bequem-sportlich,2026-09-27
DE,lozendafashion.com,7,Damen Winterjacke | Doppellagiges Design | Elegante Passform | Atmungsaktiv & Warm,39.95,AW - Womens - Jackets & Coats,https://lozendafashion.com/products/damen-winterjacke-doppellagiges-design-elegante-passform-atmungsaktiv-warm,2026-09-27
DE,lozendafashion.com,8,Jogginganzug Damen | 2-teiliges Set & Elastikbund-Komfort,37.95,AS - Womens - Sets & Co-Ords,https://lozendafashion.com/products/jogginganzug-damen-2-teiliges-set-elastikbund-komfort,2026-09-27
DE,lozendafashion.com,9,Langärmliges Maxikleid - Mühelose Eleganz für jeden Anlass,37.95,Women Dress,https://lozendafashion.com/products/langarmliges-maxikleid-muhelose-eleganz-fur-jeden-anlass,2026-09-27
DE,lozendafashion.com,10,Sommerkleid mit Blumen Damen | Luftig & Figurumspielend,44.95,SS - Womens - Dresses,https://lozendafashion.com/products/sommerkleid-mit-blumen-damen-luftig-figurumspielend,2026-09-27
DE,sassyclassy.de,1,Musselin Bluse oversize - hellbeige,59.95,Bekleidung > Blusen > Musselin,https://sassyclassy.de/products/musselin-bluse-oversize-hellbeige,2026-09-27
DE,sassyclassy.de,2,Thermo Leggings - schwarz,39.95,Bekleidung > Leggings > Thermo,https://sassyclassy.de/products/thermo-leggings-schwarz-2,2026-09-27
DE,sassyclassy.de,3,"Musselin Bluse oversize, kurz - hellbeige",54.95,Bekleidung > Blusen > Musselin,https://sassyclassy.de/products/musselin-bluse-oversize-kurz-hellbeige,2026-09-27
DE,sassyclassy.de,4,Musselin Bluse oversize - weiß,59.95,Bekleidung > Blusen > Musselin,https://sassyclassy.de/products/musselin-bluse-oversize-weiss,2026-09-27
DE,sassyclassy.de,5,Musselin Bluse oversize - schwarz,59.95,Bekleidung > Blusen > Musselin,https://sassyclassy.de/products/musselin-bluse-oversize-schwarz,2026-09-27
DE,sassyclassy.de,6,"Musselin Bluse oversize, kurz - weiß",54.95,Bekleidung > Blusen > Musselin,https://sassyclassy.de/products/musselin-bluse-oversize-kurz-weiss,2026-09-27
DE,sassyclassy.de,7,"Musselin Bluse oversize, kurz - taupe",54.95,Bekleidung > Blusen > Musselin,https://sassyclassy.de/products/musselin-bluse-oversize-kurz-taupe,2026-09-27
DE,sassyclassy.de,8,Mesh Langarmshirt mit Leo-Print - braun,39.95,Bekleidung > Langarmshirts,https://sassyclassy.de/products/mesh-langarmshirt-mit-leo-print-braun-1,2026-09-27
DE,sassyclassy.de,9,"Musselin Bluse oversize, kurz - schwarz",54.95,Bekleidung > Blusen > Musselin,https://sassyclassy.de/products/musselin-bluse-oversize-kurz-schwarz,2026-09-27
DE,sassyclassy.de,10,"Musselin Bluse oversize, kurz - salbeigrün",54.95,Bekleidung > Blusen > Musselin,https://sassyclassy.de/products/musselin-bluse-oversize-kurz-salbeigrun,2026-09-27
DE,velareehhaus.com,1,Damen Maxikleid mit Korsettoberteil und Breiten Schulterträgern,80.95,Maxi Dress,https://velareehhaus.com/products/damen-maxikleid-mit-korsettoberteil-und-breiten-schultertragern,2026-09-27
DE,velareehhaus.com,2,Damen Maxikleid mit Spaghettiträgern drapiertem Ausschnitt und seitlichem Schlitz,44.95,Maxi Dress,https://velareehhaus.com/products/damen-maxikleid-mit-spaghettitragern-drapiertem-ausschnitt-und-seitlichem-schlitz,2026-09-27
DE,velareehhaus.com,3,Damen Bodenlanges Kleid mit V-Ausschnitt Spaghettiträgern und Paillettenbesatz,86.95,Dress Women,https://velareehhaus.com/products/damen-bodenlanges-kleid-mit-v-ausschnitt-spaghettitragern-und-paillettenbesatz,2026-09-27
DE,velareehhaus.com,4,Damen Maxikleid mit Carré-Dekolleté Spaghettiträgern Seitlicher Raffung und Beinschlitz,58.95,Maxi Dress,https://velareehhaus.com/products/damen-maxikleid-mit-carre-dekollete-spaghettitragern-seitlicher-raffung-und-beinschlitz,2026-09-27
DE,velareehhaus.com,5,Damen Maxikleid mit Spaghettiträgern und Gerafftem Ausschnitt mit Bindeschleife,36.95,Maxi Dress,https://velareehhaus.com/products/damen-maxikleid-mit-spaghettitragern-und-gerafftem-ausschnitt-mit-bindeschleife,2026-09-27
DE,velareehhaus.com,6,Damen Ärmelloses Maxikleid mit Nackenbindung Offenem Rücken und Geraffter Taillenpartie,56.95,Maxi Dress,https://velareehhaus.com/products/damen-armelloses-maxikleid-mit-nackenbindung-offenem-rucken-und-geraffter-taillenpartie,2026-09-27
DE,velareehhaus.com,7,Damen Midikleid mit Bustier-Oberteil Spaghettiträgern Spitzenbesatz am Ausschnitt und Tellerrock mit Seitentaschen,85.95,Midi Dress,https://velareehhaus.com/products/damen-midikleid-mit-bustier-oberteil-spaghettitragern-spitzenbesatz-am-ausschnitt-und-tellerrock-mit-seitentaschen,2026-09-27
DE,velareehhaus.com,8,Kenzo | Herren Klassischer Low-Top-Sneaker,90.95,Men's Sneakers,https://velareehhaus.com/products/kenzo-herren-klassischer-low-top-sneaker,2026-09-27
DE,velareehhaus.com,9,Damen Gerafftes Minikleid mit Karree-Ausschnitt und breiten Trägern,69.95,Mini Dress,https://velareehhaus.com/products/damen-gerafftes-minikleid-mit-karree-ausschnitt-und-breiten-tragern,2026-09-27
DE,velareehhaus.com,10,Damen Off-Shoulder Maxikleid mit gerafftem Oberteil und halbtransparentem Rockteil,64.95,Maxi Dress,https://velareehhaus.com/products/damen-off-shoulder-maxikleid-mit-gerafftem-oberteil-und-halbtransparentem-rockteil,2026-09-27
DE,falkenberg-mode.de,1,Eleganter Surplice-Badeanzug mit auffälligem buntem Druck,39.95,Figure Shaping Swimsuit,https://falkenberg-mode.de/products/luxury-surplice-swimsuit-with-colorful-print,2026-09-27
DE,falkenberg-mode.de,2,Lyra | Outfit mit drapierter Schleife,54.95,Outfit Set,https://falkenberg-mode.de/products/lyra-outfit-mit-drapierter-schleif,2026-09-27
DE,falkenberg-mode.de,3,Aikaterini – Elegantes ärmelloses Kleid mit Taschen,39.95,Elegant Dress,https://falkenberg-mode.de/products/aikaterini-elegantes-rmelloses-baumwollkleid-mit-tasche,2026-09-27
DE,falkenberg-mode.de,4,"Alina Doppelträger-Badeanzug – schick, figurschmeichelnde Passform mit sicherem Halt",39.95,Two-Strap Swimsuit,https://falkenberg-mode.de/products/alina-swimsuit-with-double-straps,2026-09-27
DE,falkenberg-mode.de,5,Martina™ | Pullover mit hohem Kragen,54.95,pullover Sweater,https://falkenberg-mode.de/products/martina%E2%84%A2-pullover-mit-hohem-kragen,2026-09-27
DE,falkenberg-mode.de,6,Shaharit - Eleganter Gemütlicher Strickjacke Mit Knöpfen,54.95,Elegant Sweater,https://falkenberg-mode.de/products/shaharit-eleganter-gem-tlicher-strickjacke-mit-kn-pfe,2026-09-27
DE,falkenberg-mode.de,7,Alvin™ | Premium Casual Hemd,39.95,Casual Shirt,https://falkenberg-mode.de/products/alvin%E2%84%A2-premium-casual-hemd,2026-09-27
DE,falkenberg-mode.de,8,Vintage-Blumenkleid für Damen mit Taschen,54.95,Vintage Dress,https://falkenberg-mode.de/products/vintage-kleid-fur-damen-mit-blumenmuster-aus-baumwolle-und-leinen-mit-taschen,2026-09-27
DE,falkenberg-mode.de,9,"Bikini mit Blumenmuster, markantem Kontrast und verführerischem Seitenschlitz",39.95,Bikini Set,https://falkenberg-mode.de/products/bikini-with-contrasting-floral-print-and-slit,2026-09-27
DE,falkenberg-mode.de,10,Bryony | Locker Sitzender Pullover,44.95,Comfortable Sweater,https://falkenberg-mode.de/products/bryony-locker-sitzender-pullover,2026-09-27
DE,nordspur.de,1,Versandschutz,2.95,Upcart - Shipping Protection,https://nordspur.de/products/versandschutz,2026-09-27
DE,nordspur.de,2,Winterstiefel für Herren Wasserdicht – ThermoStride,49.95,Men's Winter Boots,https://nordspur.de/products/winterstiefel-fur-damen-herren-wasserdicht-thermostride,2026-09-27
DE,nordspur.de,3,Wasserdichte Winterstiefel Damen gefüttert – FrostTrek Urban,54.95,Men's Winter Boots,https://nordspur.de/products/wasserdichte-winterstiefel-damen-gefuttert-frosttrek-urban,2026-09-27
DE,nordspur.de,4,Fahrrad-Handyhalterung wasserdicht mit Touchscreen – TouchRide 6.4,44.95,Bike Phone Mounts,https://nordspur.de/products/fahrrad-handyhalterung-wasserdicht-mit-touchscreen-touchride-6-4,2026-09-27
DE,nordspur.de,5,Fahrradarmlinge mit UV-Schutz & Kühlfunktion – IceGuard Sleeves,35.95,Bike Accessories,https://nordspur.de/products/fahrradarmlinge-mit-uv-schutz-kuhlfunktion-iceguard-sleeves,2026-09-27
DE,nordspur.de,6,Nordspur | NordicFlannel Jacke,49.95,Men's Jackets,https://nordspur.de/products/freizeitjacke-mit-karomuster-abnehmbarer-kapuze-nordicflannel-jacke,2026-09-27
DE,nordspur.de,7,Komfortable Walking-Schuhe im Chelsea-Design – Bequeme Slip-On Boots für Herren,54.95,Men's Chelsea Boots,https://nordspur.de/products/komfortable-walking-schuhe-im-chelsea-design-bequeme-slip-on-boots-fur-damen-herren,2026-09-27
DE,nordspur.de,8,Cargo Jeansjacke mit Mehrfach-Taschen & Robustem Design – UrbanTrail Jacket,84.95,Men's Jackets,https://nordspur.de/products/cargo-jeansjacke-mit-mehrfach-taschen-robustem-design-urbantrail-jacket,2026-09-27
DE,nordspur.de,9,Wasserdichter Allwetter-Mantel mit Kapuze & Fronttasche – StormShield Parka,54.95,Women's Jackets,https://nordspur.de/products/wasserdichter-allwetter-mantel-mit-kapuze-fronttasche-stormshield-parka,2026-09-27
DE,nordspur.de,10,Pyjama Damen Einteiler Fleece mit Reißverschluss – CozyLuxe Onesie,49.95,Nightwear,https://nordspur.de/products/pyjama-damen-einteiler-fleece-mit-reissverschluss-cozyluxe-onesie,2026-09-27
DE,risora-shop.de,1,"AirFlow Pure 3-in-1 Kühler – Stilvoll, Leise und Gesund",119.95,"AirFlow Pure 3-in-1 Kühler – Stilvoll, Leise und Gesund",https://risora-shop.de/products/airflow-pure-3-in-1-kuhler-stilvoll-leise-und-gesund,2026-09-27
DE,risora-shop.de,2,Orthopädisches Hundebett mit Kopfkissen – Luxus und Komfort,59.95,Orthopädisches Hundebett mit Kopfkissen – Luxus und Komfort,https://risora-shop.de/products/orthopadisches-hundebett-mit-kopfkissen-luxus-und-komfort,2026-09-27
DE,risora-shop.de,3,MagSafe Silikonhülle – Ultimativer Schutz und eleganter Griff,37.95,MagSafe Silikonhülle – Ultimativer Schutz und eleganter Griff,https://risora-shop.de/products/magsafe-silikonhulle-ultimativer-schutz-und-eleganter-griff,2026-09-27
DE,risora-shop.de,4,Design Deckenventilator mit LED – Flüsterleise Komfort und modernes Licht,149.95,Design Deckenventilator mit LED – Flüsterleise Komfort und modernes Licht,https://risora-shop.de/products/design-deckenventilator-mit-led-flusterleise-komfort-und-modernes-licht,2026-09-27
DE,risora-shop.de,5,"AirFlow Pure 3-in-1 Kühler – Stilvoll, Leise und Gesund",119.95,"AirFlow Pure 3-in-1 Kühler – Stilvoll, Leise und Gesund",https://risora-shop.de/products/airflow-pure-3-in-1-kuhler-stilvoll-leise-und-gesund-copy,2026-09-27
DE,risora-shop.de,6,Randlose Quadratische Brille für Herren – Eleganz und Komfort in Einem,34.95,Randlose Quadratische Brille für Herren – Eleganz und Komfort in Einem,https://risora-shop.de/products/randlose-quadratische-brille-fur-herren-eleganz-und-komfort-in-einem,2026-09-27
DE,risora-shop.de,7,RoachStop Gel – Schnell und Sicher Kakerlaken Bekämpfen,37.95,RoachStop Gel – Schnell und Sicher Kakerlaken Bekämpfen,https://risora-shop.de/products/roachstop-gel-schnell-und-sicher-kakerlaken-bekampfen,2026-09-27
DE,risora-shop.de,8,Leichte Sicherheitsschuhe für Herren – Atmungsaktiv mit Stahlkappenschutz,39.95,Leichte Sicherheitsschuhe für Herren – Atmungsaktiv mit Stahlkappenschutz,https://risora-shop.de/products/leichte-sicherheitsschuhe-fur-herren-atmungsaktiv-mit-stahlkappenschutz,2026-09-27
DE,risora-shop.de,9,Wiederaufladbare kabellose LED-Lampe – Wasserdicht & Dimmbar,34.95,Wiederaufladbare kabellose LED-Lampe – Wasserdicht & Dimmbar,https://risora-shop.de/products/wiederaufladbare-kabellose-led-lampe-wasserdicht-dimmbar,2026-09-27
DE,risora-shop.de,10,Unisex Fahrradschuhe mit Drehverschluss – Leicht und Komfortabel,79.95,Unisex Fahrradschuhe mit Drehverschluss – Leicht und Komfortabel,https://risora-shop.de/products/unisex-fahrradschuhe-mit-drehverschluss-leicht-und-komfortabel,2026-09-27
FR,moreau-lyon.fr,1,MOREAU LYON | SANDALES CHIC AJUSTABLES POUR FEMMES,34.95,Women's Sandals,https://moreau-lyon.fr/products/moreau-lyon-sandales-chic-ajustables-pour-femmes,2026-09-27
FR,moreau-lyon.fr,2,MOREAU LYON | ROBE MIDI D'ÉTÉ POUR FEMMES,34.95,Women Dress,https://moreau-lyon.fr/products/moreau-lyon-robe-midi-dete-pour-femmes,2026-09-27
FR,moreau-lyon.fr,3,MOREAU LYON | ROBE BOHÉMIENNE CHIC ET FLUIDE POUR FEMMES,39.95,Women’s Dresses,https://moreau-lyon.fr/products/moreau-lyon-robe-bohemienne-chic-et-fluide-pour-femmes,2026-09-27
FR,moreau-lyon.fr,4,MOREAU LYON | MAILLOT DE BAIN AMINCISSANT POUR FEMMES,29.95,Women's Swimsuits,https://moreau-lyon.fr/products/moreau-lyon-maillot-de-bain-amincissant-pour-femmes,2026-09-27
FR,moreau-lyon.fr,5,MOREAU LYON | ROBE MIDI EN LIN FLORAL ANCIEN POUR FEMMES,39.95,Women’s Dresses,https://moreau-lyon.fr/products/moreau-lyon-robe-midi-en-lin-floral-ancien-pour-femmes,2026-09-27
FR,moreau-lyon.fr,6,MOREAU LYON | MAILLOT DE BAIN ÉLÉGANT POUR FEMMES,39.95,Women's Swimsuits,https://moreau-lyon.fr/products/moreau-lyon-maillot-de-bain-elegant-pour-femmes,2026-09-27
FR,moreau-lyon.fr,7,MOREAU LYON | ROBE MIDI FLEURIE ÉLÉGANTE POUR FEMMES,44.95,Women’s Dresses,https://moreau-lyon.fr/products/moreau-lyon-robe-midi-fleurie-elegante-pour-femmes,2026-09-27
FR,moreau-lyon.fr,8,MOREAU LYON | ENSEMBLE EN LIN EN TROIS PIÈCES POUR FEMMES,54.95,Women’s Sets,https://moreau-lyon.fr/products/moreau-lyon-ensemble-en-lin-en-trois-pieces-pour-femmes,2026-09-27
FR,moreau-lyon.fr,9,MOREAU LYON | ROBE BRODÉE POUR FEMME,44.95,Women’s Dresses,https://moreau-lyon.fr/products/moreau-lyon-robe-brodee-pour-femme,2026-09-27
FR,moreau-lyon.fr,10,MOREAU LYON | ROBE MIDI ÉLÉGANTE CHIC POUR FEMMES,69.95,Women’s Dresses,https://moreau-lyon.fr/products/moreau-lyon-robe-midi-elegante-chic-pour-femmes,2026-09-27
FR,lumiereboutique.fr,1,Robe Femme Coton Col V Coupe Fluide Style Décontracté Élégant,44.95,,https://lumiereboutique.fr/products/robe-femme-coton-col-v-coupe-fluide-style-decontracte-elegant,2026-09-27
FR,lumiereboutique.fr,2,Combinaison Femme Élégante Décolleté V Coupe Fluide Jambes Larges,49.95,,https://lumiereboutique.fr/products/combinaison-femme-elegante-decollete-v-coupe-fluide-jambes-larges,2026-09-27
FR,lumiereboutique.fr,3,Sandales Plates Pour Femmes au Style Estival et Élégant,49.95,Sandales,https://lumiereboutique.fr/products/sandales-plates-pour-femmes-au-style-estival-et-elegant,2026-09-27
FR,lumiereboutique.fr,4,Robe Femme Coton Lin Boutonnée Manches Volantées Style Estival,44.95,,https://lumiereboutique.fr/products/robe-femme-coton-lin-boutonnee-manches-volantees-style-estival,2026-09-27
FR,lumiereboutique.fr,5,Robe Chemise Midi Femme Lin Coton Boutonnée Élégante,39.95,Short Sleeve Mini Dress,https://lumiereboutique.fr/products/robe-chemise-midi-femme-lin-coton-boutonnee-elegante,2026-09-27
FR,lumiereboutique.fr,6,Baskets Orthopédiques Femme – Confort Avancé et Design Moderne,49.95,,https://lumiereboutique.fr/products/nanon%E2%84%A2-baskets-de-sport-orthopediques,2026-09-27
FR,lumiereboutique.fr,7,Robe Femme Longue Bohème Lin Coton Coupe Fluide Élégante,49.95,,https://lumiereboutique.fr/products/robe-femme-longue-boheme-lin-coton-coupe-fluide-elegante,2026-09-27
FR,lumiereboutique.fr,8,Robe Femme Coton Lin Boutonnée Manches 3/4 Coupe Ample Élégante,49.95,,https://lumiereboutique.fr/products/robe-femme-coton-lin-boutonnee-manches-3-4-coupe-ample-elegante,2026-09-27
FR,lumiereboutique.fr,9,Robe femme midi sans manches à encolure haute et fente – élégante été,44.95,,https://lumiereboutique.fr/products/robe-femme-midi-sans-manches-a-encolure-haute-et-fente-elegante-ete,2026-09-27
FR,lumiereboutique.fr,10,Pull Femme Chaud en Tricot Waffle | Confort & Douceur,39.95,,https://lumiereboutique.fr/products/delvarina,2026-09-27
FR,laurentmonaco.fr,1,LAURENT MONACO | MANTEAU DEUX PIECES,79.95,Men's Coats,https://laurentmonaco.fr/products/laurent-monaco-manteau-deux-pieces,2026-09-27
FR,laurentmonaco.fr,2,LAURENT MONACO | CHAUSSURES ERGONOMIQUES ORTHOPÉDIQUES,59.95,Men's Shoes,https://laurentmonaco.fr/products/laurent-monaco-chaussures-ergonomiques-orthopediques,2026-09-27
FR,laurentmonaco.fr,3,LAURENT MONACO | PANTALONS POUR HOMMES À COUPE CONFORTABLE,44.95,Men's Pants,https://laurentmonaco.fr/products/laurent-monaco-pantalons-pour-hommes-a-coupe-confortable,2026-09-27
FR,laurentmonaco.fr,4,LAURENT MONACO | POLO DE LUXE À MANCHES LONGUES,39.95,Men's Sweaters,https://laurentmonaco.fr/products/laurent-monaco-polo-de-luxe-a-manches-longues-1,2026-09-27
FR,laurentmonaco.fr,5,LAURENT MONACO | MANTEAU D'HIVER,69.95,Men's Jackets,https://laurentmonaco.fr/products/laurent-monaco-manteau-dhiver,2026-09-27
FR,laurentmonaco.fr,6,LAURENT MONACO | CHEMISE ARTISANALE,34.95,Men's T-shirts,https://laurentmonaco.fr/products/laurent-monaco-chemise-artisanale,2026-09-27
FR,laurentmonaco.fr,7,LAURENT MONACO | PULL EN PUR CACHEMIRE,54.95,Men's Sweaters,https://laurentmonaco.fr/products/laurent-monaco-pull-en-pur-cachemire,2026-09-27
FR,laurentmonaco.fr,8,LAURENT MONACO | CHEMISE DE LUXE AVEC CAPUCHE,39.95,Men's T-shirts,https://laurentmonaco.fr/products/laurent-monaco-chemise-de-luxe-avec-capuche-3,2026-09-27
FR,laurentmonaco.fr,9,LAURENT MONACO | BOXER EN COTON BIOLOGIQUE POUR HOMME (lot de 3),29.95,Men's Accessories,https://laurentmonaco.fr/products/laurent-monaco-boxer-en-coton-biologique-pour-homme,2026-09-27
FR,laurentmonaco.fr,10,LAURENT MONACO | VESTE POUR HOMME DE LUXE,59.95,Men's Jackets,https://laurentmonaco.fr/products/laurent-monaco-veste-pour-homme-de-luxe,2026-09-27
FR,lookdeparis.com,1,Arthur - Veste matelassé homme,69.99,Homme Veste,https://lookdeparis.com/products/arthur-veste-matelasse-homme,2026-09-27
FR,lookdeparis.com,2,Pierre - Homme Pull thermique tricoté,49.99,Homme Pull,https://lookdeparis.com/products/pierre-homme-pull-thermique-tricote,2026-09-27
FR,lookdeparis.com,3,Antoine - Chemise en Lin Décontractée Homme,34.99,Homme Chemise,https://lookdeparis.com/products/antoine-chemise-en-lin-decontractee,2026-09-27
FR,lookdeparis.com,4,Maya – Sweat à capuche femme au design moderne,44.99,Femme Sweat,https://lookdeparis.com/products/maya-sweat-a-capuche-femme-au-design-moderne,2026-09-27
FR,lookdeparis.com,5,Odile - Cardigan chat automne femme,59.99,Femme Gilet,https://lookdeparis.com/products/odile-cardigan-chat-automne-femme,2026-09-27
FR,lookdeparis.com,6,Gabrielle - Cachemire Maille Femme,39.99,Femme Gilet,https://lookdeparis.com/products/gabrielle-cachemire-maille-femme,2026-09-27
FR,lookdeparis.com,7,Débardeur Homme Côtelé En Coton Slim Fit - Rocco,29.99,Homme T-shirt,https://lookdeparis.com/products/debardeur-homme-cotele-en-coton-slim-fit-rocco,2026-09-27
FR,lookdeparis.com,8,Hugo - Doudoune homme légère,49.99,Homme Doudoune & Parka,https://lookdeparis.com/products/hugo-doudoune-homme-legere,2026-09-27
FR,armandetfils.fr,1,Bermuda cargo homme,44.95,Shorts,https://armandetfils.fr/products/bermuda-cargo-homme,2026-09-27
FR,armandetfils.fr,2,Short homme rayé à cordon,27.95,Shorts,https://armandetfils.fr/products/short-de-bain-raye-a-cordon,2026-09-27
FR,armandetfils.fr,3,Mules homme à enfiler,54.95,Sandals,https://armandetfils.fr/products/mules-homme-a-enfiler,2026-09-27
FR,armandetfils.fr,4,Mocassins homme à empeigne unie,64.95,Loafer,https://armandetfils.fr/products/mocassins-homme-a-empeigne-unie,2026-09-27
FR,armandetfils.fr,5,Derbies homme à œillets,64.95,Shoes,https://armandetfils.fr/products/derbies-homme-a-oeillets,2026-09-27
FR,armandetfils.fr,6,Baskets homme maille à lacets,42.95,Sneakers,https://armandetfils.fr/products/baskets-homme-maille-a-lacets,2026-09-27
FR,armandetfils.fr,7,Derbies homme à lacets,49.95,Shoes,https://armandetfils.fr/products/derbies-homme-a-lacets,2026-09-27
FR,armandetfils.fr,8,Sandales homme bout fermé,49.95,Sandals,https://armandetfils.fr/products/sandales-homme-bout-ferme,2026-09-27
FR,armandetfils.fr,9,Mocassins homme bandeau,74.95,Loafers,https://armandetfils.fr/products/mocassins-homme-bandeau,2026-09-27
FR,armandetfils.fr,10,Pantalon homme à pinces,57.95,Pants,https://armandetfils.fr/products/pantalon-homme-pinces,2026-09-27
UK,wilson-and-carter.com,1,MARJORIE | ORTHOPAEDIC SANDALS,24.95,Sandals,https://wilson-and-carter.com/products/marjorie,2026-09-27
UK,wilson-and-carter.com,2,Arabella | Vibrant Pattern Midi Dress,29.95,Dress,https://wilson-and-carter.com/products/arabella-midi-dress,2026-09-27
UK,wilson-and-carter.com,3,Mandy | Elegant Collared Button Dress,39.95,Dress,https://wilson-and-carter.com/products/mandy-button-dress,2026-09-27
UK,wilson-and-carter.com,4,Spencer | Refined Heritage Polo Shirt,29.95,Polo Shirt,https://wilson-and-carter.com/products/spencer-shirt,2026-09-27
UK,wilson-and-carter.com,5,Oliver | Casual Waffle Summer Shorts,29.95,Shorts,https://wilson-and-carter.com/products/oliver-shorts,2026-09-27
UK,wilson-and-carter.com,6,Maurice | Timeless Plain Everyday Trousers,29.95,Trousers,https://wilson-and-carter.com/products/maurice-everyday-trousers,2026-09-27
UK,wilson-and-carter.com,7,Callum | Classic Cargo Utility Shorts,29.95,Shorts,https://wilson-and-carter.com/products/callum-shorts,2026-09-27
UK,wilson-and-carter.com,8,Nathalie | Stylish Multicolour V-Neck Dress,39.95,Dress,https://wilson-and-carter.com/products/nathalie-dress,2026-09-27
UK,wilson-and-carter.com,9,Genevieve | Elegant Wide-Leg Jumpsuit,39.95,Jumpsuit,https://wilson-and-carter.com/products/genevieve,2026-09-27
UK,wilson-and-carter.com,10,Garrick | Classic Collared Button Shirt,29.95,Shirt,https://wilson-and-carter.com/products/garrick-shirt,2026-09-27
UK,wentworthlondon.com,1,VINTAGE CARGO SHORTS FOR MEN,24.95,Men's Shorts,https://wentworthlondon.com/products/vintage-cargo-shorts-for-men,2026-09-27
UK,wentworthlondon.com,2,TEXTURED POLO SHIRT FOR MEN,29.95,Men's Shirts,https://wentworthlondon.com/products/textured-polo-shirt-for-men,2026-09-27
UK,wentworthlondon.com,3,UTILITY CARGO SHORTS FOR MEN,24.95,Men's Short,https://wentworthlondon.com/products/utility-cargo-shorts-for-men,2026-09-27
UK,wentworthlondon.com,4,LINEN POLO SHIRT FOR MEN,24.95,Men's Shirts,https://wentworthlondon.com/products/linen-polo-shirt-for-men,2026-09-27
UK,wentworthlondon.com,5,QUICK DRY SWIM SHORTS FOR MEN,24.95,Men's Shorts,https://wentworthlondon.com/products/quick-dry-swim-shorts-for-men,2026-09-27
UK,wentworthlondon.com,6,ORTHOPEDIC WALKING SHOES FOR MEN,29.95,Men's Shoes,https://wentworthlondon.com/products/orthopedic-walking-shoes-for-men,2026-09-27
UK,wentworthlondon.com,7,DRAWSTRING SUMMER SHORTS FOR MEN,29.95,Men's Shorts,https://wentworthlondon.com/products/drawstring-summer-shorts-for-men,2026-09-27
UK,wentworthlondon.com,8,RELAXED FIT SHORTS FOR MEN,24.95,Men's Shorts,https://wentworthlondon.com/products/relaxed-fit-shorts-for-men,2026-09-27
UK,wentworthlondon.com,9,LEATHER SNEAKERS FOR MEN,29.95,Men's Shoes,https://wentworthlondon.com/products/leather-sneakers-for-men,2026-09-27
UK,wentworthlondon.com,10,BLAZER JACKET FOR MEN,34.95,Men's Blazers,https://wentworthlondon.com/products/linen-blazer-jacket-for-men,2026-09-27
UK,mayfairandfinch.co.uk,1,Relaxed Linen Summer Midi Dress with Hollow Out Detail and Flared Sleeves,34.95,Dresses,https://mayfairandfinch.co.uk/products/relaxed-linen-summer-midi-dress-with-hollow-out-detail-and-flared-sleeves,2026-09-27
UK,mayfairandfinch.co.uk,2,Bohemian Lace Trim Blouse with Swiss Dot Texture and V-Neckline,29.95,Tops,https://mayfairandfinch.co.uk/products/bohemian-lace-trim-blouse-with-swiss-dot-texture-and-v-neckline,2026-09-27
UK,mayfairandfinch.co.uk,3,Relaxed Linen Shorts with Elastic Waist and Side Pockets,29.95,Trousers,https://mayfairandfinch.co.uk/products/relaxed-linen-shorts-with-elastic-waist-and-side-pockets,2026-09-27
UK,mayfairandfinch.co.uk,4,Relaxed Linen Trousers with Drawstring Waist and Straight Leg,29.95,Trousers,https://mayfairandfinch.co.uk/products/relaxed-linen-trousers-with-drawstring-waist-and-straight-leg,2026-09-27
UK,mayfairandfinch.co.uk,5,Relaxed Linen Blouse with V-Neckline and Ruffle Sleeves,29.95,Tops,https://mayfairandfinch.co.uk/products/relaxed-linen-blouse-with-v-neckline-and-ruffle-sleeves,2026-09-27
UK,mayfairandfinch.co.uk,6,Soft Knit Cardigan with Button Front and Round Neckline,29.95,Cardigan,https://mayfairandfinch.co.uk/products/soft-knit-cardigan-with-button-front-and-round-neckline,2026-09-27
UK,mayfairandfinch.co.uk,7,Sleeveless Midi Dress with Round Neck and Relaxed Fit,34.95,Dresses,https://mayfairandfinch.co.uk/products/floral-patchwork-print-sleeveless-midi-dress-with-round-neck,2026-09-27
UK,mayfairandfinch.co.uk,8,Relaxed Linen Blouse with V-Neckline and Single Button,29.95,Tops,https://mayfairandfinch.co.uk/products/relaxed-linen-blouse-with-v-neckline-and-single-button,2026-09-27
UK,mayfairandfinch.co.uk,9,Elegant Mauve Chiffon Maxi Dress with Lace Trim and Satin Waist Belt,44.95,Dresses,https://mayfairandfinch.co.uk/products/elegant-mauve-chiffon-maxi-dress-with-lace-trim-and-satin-waist-belt,2026-09-27
UK,mayfairandfinch.co.uk,10,Relaxed Linen Capri Pants with Side Pockets,29.95,Trousers,https://mayfairandfinch.co.uk/products/relaxed-linen-capri-pants-with-side-pockets,2026-09-27
UK,chapslondon.co.uk,1,Lauren Men's Luxury Summer Jacket,39.95,Tops,https://chapslondon.co.uk/products/lauren-mens-luxury-summer-jacket,2026-09-27
UK,chapslondon.co.uk,2,Bamboo Lightweight Men's Underwear – Perfect for Spring & Summer,19.95,Trunks,https://chapslondon.co.uk/products/bamboo-lightweight-mens-underwear-perfect-for-summerspring,2026-09-27
UK,chapslondon.co.uk,3,Ice Cream Shirt - Short Sleeve - Button-Up - Polo Shirt - Men's Shirts,17.95,Men's Top,https://chapslondon.co.uk/products/ice-cream-shirt-short-sleeve-button-up-polo-shirt-mens-shirts,2026-09-27
UK,chapslondon.co.uk,4,Overshirt - Buttoned - Chest Pockets - Men's Shirt - Shirt Jacket,30.95,Jackets,https://chapslondon.co.uk/products/overshirt-buttoned-chest-pockets-mens-shirt-shirt-jacket,2026-09-27
UK,chapslondon.co.uk,5,Flannel Jacket - Men's Fleece Lined Plaid Overshirt Jacket for Winter,39.95,Coats & Jackets,https://chapslondon.co.uk/products/flannel-jacket-mens-fleece-lined-plaid-overshirt-jacket-for-winter,2026-09-27
UK,chapslondon.co.uk,6,Zip-Up Hoodie | Comfy | Cotton | NY Hoodie | Men's Hoodie,35.95,Hoodies,https://chapslondon.co.uk/products/zip-up-hoodie-comfy-cotton-ny-hoodie-mens-hoodie,2026-09-27
UK,chapslondon.co.uk,7,Linen Shirt - Long Sleeve - Lightweight - Button-Up Shirt - Men's Shirts,29.99,Men's Top,https://chapslondon.co.uk/products/linen-shirt-long-sleeve-lightweight-button-up-shirt-mens-shirts,2026-09-27
UK,chapslondon.co.uk,8,Shipping protection,2.95,Shipping Protection,https://chapslondon.co.uk/products/shipping-protection,2026-09-27
UK,chapslondon.co.uk,9,Linen Shirt - Cotton - Half-button - Men's Shirt - Linen Clothing For Men,26.95,Shirts,https://chapslondon.co.uk/products/linen-shirt-cotton-half-button-mens-shirt-linen-clothing-for-men,2026-09-27
UK,chapslondon.co.uk,10,Knitted Sweater - Patchwork - Loose Fit - Pullover Sweater - Men's Knitted Jumper,28.5,Men's Long Sleeves,https://chapslondon.co.uk/products/knitted-sweater-patchwork-loose-fit-pullover-sweater-mens-knitted-jumper,2026-09-27
