Land,Store,Domein,Categorie,Bezoekers per maand,Trend vorige maand,Match-score,Paid search,Top landen,Gevonden via,Netwerk / operator,Eerst gevonden,Laatst gecheckt,Producten gekopieerd,Notities
DE,Drune,drune.de,Dames & heren (2000+ producten),1500000,0.05,4,0.88,"DE 86%, AT 14%",Tranco-scan,,2026-09-27,2026-10-09,nee,SW sept: vergelijkingsblok (hoofdcijfer niet meer getoond)
DE,Karlson Berlin,karlson-berlin.com,"Dames & heren, 'Naam | product'-titels",301100,-0.69,5,0.3,"DE 46%, NL 11%",Zoekopdracht + Tranco,,2026-09-27,2026-10-09,nee,SW sept: vergelijkingsblok (hoofdcijfer niet meer getoond)
DE,Nordheim Mode,nordheim-mode.de,"Dames & heren, schoenen, bikini's",896300,0.64,5,0.86,"DE 38%, ES 12%, IT 12%",Tranco-scan,,2026-09-27,2026-10-09,nee,SW sept: vergelijkingsblok (hoofdcijfer niet meer getoond)
DE,Lozenda Fashion,lozendafashion.com,"Dames & heren, 2000+ producten",314800,0.64,5,0.73,"DE 47%, GR 11%, NL 11%",Tranco-scan,,2026-09-27,2026-10-09,nee,SW sept: vergelijkingsblok (hoofdcijfer niet meer getoond)
DE,Sassy Classy,sassyclassy.de,"Dames, blouses/musselin",148600,0.16,3,0.29,DE 99%,Tranco-scan,,2026-09-27,2026-09-27,nee,Oogt meer als eigen boutique-label; vooral organisch verkeer
DE,Risora,risora-shop.de,Gemengd: mode + huis/tuin,114600,-0.05,4,0.88,"DE 67%, CH 24%",Tranco-scan,,2026-09-27,2026-10-09,nee,SW sept: vergelijkingsblok (hoofdcijfer niet meer getoond)
DE,Velareeh Haus,velareehhaus.com,"Dames & heren, jurken",134300,0.41,5,0.73,DE 91%,Tranco-scan,,2026-09-27,2026-10-09,nee,SW sept: vergelijkingsblok (hoofdcijfer niet meer getoond)
DE,Nordspur,nordspur.de,Jassen/steppjassen D&H,49800,-0.44,5,0.85,"DE 89%, NL 11%",Tranco-scan,,2026-09-27,2026-10-09,nee,SW sept: vergelijkingsblok (hoofdcijfer niet meer getoond)
DE,Falkenberg Mode,falkenberg-mode.de,"Dames & heren, badmode, jurken",54200,-0.35,5,0.0,DE 100%,Tranco-scan,,2026-09-27,2026-10-09,nee,SW sept: vergelijkingsblok (hoofdcijfer niet meer getoond)
DE,Alpenkind Mode,alpenkindmode.com,Dirndl/tracht + casual D&H,118400,0.54,5,0.9,"DE 80%, AT 20%",Zoekopdracht + Tranco,,2026-09-27,2026-10-09,nee,SW sept: vergelijkingsblok (hoofdcijfer niet meer getoond)
DE,Ladypolitan,ladypolitan.de,Dames,67000,-0.27,3,0.16,"DE 70%, US 16%, AT 9%",Tranco-scan,,2026-09-27,2026-09-27,nee,"Lijkt echte boutique, vooral organisch"
DE,Walther Mode,walther-mode.com,Dames & heren,32200,-0.22,5,0.93,"FR 64%, BE 24%",Zoekopdracht,,2026-09-27,2026-10-09,nee,SW sept: vergelijkingsblok (hoofdcijfer niet meer getoond)
DE,Nicole Modehaus,nicole-modehaus.de,Dames & heren,32000,-0.01,5,,DE 100%,Tranco-scan,Nicole (nina-nicole.de / nicole-modehaus.de),2026-09-27,2026-10-09,nee,SW sept: vergelijkingsblok (hoofdcijfer niet meer getoond)
DE,Cecile Lavelle,cecilelavelle.com,"Dames & heren, jassen",14800,-0.43,5,0.59,US 35%,Zoekopdracht,,2026-09-27,2026-10-09,nee,SW sept: vergelijkingsblok (hoofdcijfer niet meer getoond)
DE,Wittenwald,wittenwald.de,Mode D&H,,,,,"ES 55%, AT 30%, DE 15%",Zoekopdracht/Tranco,,2026-09-27,2026-09-27,nee,"<25K / geen SW-data. geen totaal (groei +125%, vooral ES/AT)"
DE,Nina Nicole,nina-nicole.de,Mode D&H,,,,,,Zoekopdracht/Tranco,Nicole (nina-nicole.de / nicole-modehaus.de),2026-09-27,2026-09-27,nee,<25K / geen SW-data. geen data; zusterstore van nicole-modehaus.de
DE,Orthoday,orthoday.de,Mode D&H,,,,,,Zoekopdracht/Tranco,,2026-09-27,2026-09-27,nee,<25K / geen SW-data. geen totaal
DE,Chaps Herrenmode,chaps-herrenmode.de,Mode D&H,,,,,,Zoekopdracht/Tranco,Chaps (chaps-herrenmode.de / chapslondon.co.uk),2026-09-27,2026-09-27,nee,<25K / geen SW-data. geen data
DE,Leipzigmodehausshop,leipzigmodehausshop.de,Mode D&H,,,,,,Zoekopdracht/Tranco,Devjour-netwerk (Althaus/FabrikStil/Leipzig/Schlossberg),2026-09-27,2026-09-27,nee,<25K / geen SW-data. geen data
DE,Fabrikstil,fabrikstil.de,Mode D&H,,,,,,Zoekopdracht/Tranco,Devjour-netwerk (Althaus/FabrikStil/Leipzig/Schlossberg),2026-09-27,2026-09-27,nee,<25K / geen SW-data. niet in SimilarWeb
DE,Althausmode,althausmode.com,Mode D&H,,,,,,Zoekopdracht/Tranco,Devjour-netwerk (Althaus/FabrikStil/Leipzig/Schlossberg),2026-09-27,2026-09-27,nee,<25K / geen SW-data. niet in SimilarWeb
DE,Berlinsprime,berlinsprime.de,Mode D&H,,,,,,Zoekopdracht/Tranco,,2026-09-27,2026-09-27,nee,<25K / geen SW-data. geen data
DE,Modemuller,modemuller.de,Mode D&H,,,,,,Zoekopdracht/Tranco,,2026-09-27,2026-09-27,nee,<25K / geen SW-data. geen data
DE,Herrmann Modehaus,herrmann-modehaus.de,Mode D&H,,,,,,Zoekopdracht/Tranco,,2026-09-27,2026-09-27,nee,<25K / geen SW-data. geen totaal
DE,Nordmodehaus,nordmodehaus.com,Mode D&H,,,,,DE 97%,Zoekopdracht/Tranco,,2026-09-27,2026-09-27,nee,"<25K / geen SW-data. geen totaal (+255%, 96% paid) → volgende maand checken"
DE,Falkenhof Mode,falkenhof-mode.de,Mode D&H,,,,,DE 100%,Zoekopdracht/Tranco,,2026-09-27,2026-09-27,nee,<25K / geen SW-data. geen totaal (94% paid)
DE,Modehaushartmann,modehaushartmann.de,Mode D&H,,,,,DE 98%,Zoekopdracht/Tranco,,2026-09-27,2026-09-27,nee,<25K / geen SW-data. geen totaal (92% paid)
DE,Bellarosamode,bellarosamode.com,Mode D&H,,,,,"UK 83%, FR 17%",Zoekopdracht/Tranco,,2026-09-27,2026-09-27,nee,<25K / geen SW-data. geen totaal (UK/FR)
DE,Annoboutique,annoboutique.com,Mode D&H,,,,,,Zoekopdracht/Tranco,,2026-09-27,2026-09-27,nee,<25K / geen SW-data. geen totaal
DE,Berlinlook,berlinlook.com,Mode D&H,,,,,"DE 93%, SE 7%",Zoekopdracht/Tranco,,2026-09-27,2026-09-27,nee,<25K / geen SW-data. geen totaal
DE,Stefanberlin,stefanberlin.com,Mode D&H,,,,,DE 100%,Zoekopdracht/Tranco,,2026-09-27,2026-09-27,nee,<25K / geen SW-data. geen totaal (+338%)
DE,Kiezstudio,kiezstudio.com,Mode D&H,,,,,,Zoekopdracht/Tranco,,2026-09-27,2026-09-27,nee,<25K / geen SW-data. geen data
DE,Sophia Zurich,sophia-zurich.com,Mode D&H,,,,,"CH 70%, DE 30%",Zoekopdracht/Tranco,,2026-09-27,2026-09-27,nee,<25K / geen SW-data. geen totaal (CH)
DE,Mathilde Munchen,mathilde-munchen.de,Mode D&H,,,,,"PT 64%, DE 36%",Zoekopdracht/Tranco,,2026-09-27,2026-09-27,nee,<25K / geen SW-data. geen totaal
DE,Kaufmannmode,kaufmannmode.de,Mode D&H,,,,,,Zoekopdracht/Tranco,Bronstore van Drune,2026-09-27,2026-09-27,nee,<25K / geen SW-data. geen data; bronstore van Drune
DE,Leon Boutique,leonboutique.co,"Dames & heren, 'Naam | product'",343500,0.42,5,0.59,"DE 58%, PK 38%",Tranco-scan (FR-lijst),,2026-09-27,2026-10-09,nee,SW sept: vergelijkingsblok (hoofdcijfer niet meer getoond)
FR,Moreau Lyon,moreau-lyon.fr,Dames & heren,289800,-0.32,5,0.69,FR 97%,Tranco-scan,,2026-09-27,2026-10-09,nee,SW sept: vergelijkingsblok (hoofdcijfer niet meer getoond)
FR,Lumière Boutique,lumiereboutique.fr,Dames,145900,-0.47,5,0.99,FR 100%,Tranco-scan,,2026-09-27,2026-10-09,nee,SW sept: vergelijkingsblok (hoofdcijfer niet meer getoond)
FR,Laurent Monaco,laurentmonaco.fr,Heren,204400,-0.24,5,0.73,FR 97%,Tranco-scan,"""Autumn Edit LP""-operator (Laurent Monaco / Wentworth London)",2026-09-27,2026-10-09,nee,SW sept: vergelijkingsblok (hoofdcijfer niet meer getoond)
FR,Look de Paris,lookdeparis.com,Dames,111300,-0.53,4,0.93,FR 50%,Tranco-scan,Look de Paris / Boutique Paris,2026-09-27,2026-10-09,nee,SW sept: vergelijkingsblok (hoofdcijfer niet meer getoond)
FR,Armand et Fils,armandetfils.fr,Heren,135900,-0.3,5,0.83,FR 98%,Tranco-scan,,2026-09-27,2026-10-09,nee,SW sept: vergelijkingsblok (hoofdcijfer niet meer getoond)
FR,Boutique Paris,boutique-paris.fr,Dames,59800,-0.64,4,0.17,FR 100%,Zoekopdracht + Tranco,Look de Paris / Boutique Paris,2026-09-27,2026-10-09,nee,SW sept: vergelijkingsblok (hoofdcijfer niet meer getoond)
FR,Cette Saison,cettesaison.fr,Dames,151900,0.61,2,0.21,"FR 85%, BE 15%",Tranco-scan,,2026-09-27,2026-09-27,nee,"REFERENTIE - ander model. Chinese operator (themanaam), ,99-prijzen - ander model"
FR,Maison Villard,maisonvillard.fr,Dames,31100,-0.67,5,0.02,FR 47%,Tranco-scan,,2026-09-27,2026-10-09,nee,SW sept: vergelijkingsblok (hoofdcijfer niet meer getoond)
FR,Parisane,parisane.fr,Heren,66100,-0.14,5,0.76,FR 70%,Tranco-scan,,2026-09-27,2026-10-09,nee,SW sept: vergelijkingsblok (hoofdcijfer niet meer getoond)
FR,Dolce Paris,dolce-paris.com,Dames & heren,172500,1.67,5,0.9,FR 96%,Tranco-scan,,2026-09-27,2026-10-09,nee,SW sept: vergelijkingsblok (hoofdcijfer niet meer getoond)
FR,Laurence Boutique,laurence-boutique.fr,Dames,38800,-0.39,5,0.9,FR 52%,Tranco-scan,,2026-09-27,2026-10-09,nee,SW sept: vergelijkingsblok (hoofdcijfer niet meer getoond)
FR,Jetta,jetta.fr,Gemengd,50900,0.03,3,0.05,FR 100%,Tranco-scan,,2026-09-27,2026-09-27,nee,
FR,Boutique Élégance Bordeaux,boutique-elegance-bordeaux.fr,Dames & heren,34300,-0.52,5,0.0,FR 100%,Tranco-scan,,2026-09-27,2026-09-27,nee,
FR,Frilivin,frilivin.fr,Heren,19800,-0.2,4,0.29,FR 93%,Zoekopdracht + Tranco,,2026-09-27,2026-09-27,nee,
FR,Evienne,evienne.fr,Dames,9100,-0.62,5,0.92,FR 100%,Zoekopdracht,,2026-09-27,2026-09-27,nee,
UK,Wilson & Carter,wilson-and-carter.com,Dames & heren,68300,-0.66,5,1.0,"UK 60%, NL 40%",Tranco-scan,Wilson & Carter (2 domeinen),2026-09-27,2026-10-09,nee,SW sept: vergelijkingsblok (hoofdcijfer niet meer getoond)
UK,Wentworth London,wentworthlondon.com,Heren,105600,0.22,5,0.85,UK 91%,Tranco-scan,"""Autumn Edit LP""-operator (Laurent Monaco / Wentworth London)",2026-09-27,2026-10-09,nee,SW sept: vergelijkingsblok (hoofdcijfer niet meer getoond)
UK,Mayfair & Finch,mayfairandfinch.co.uk,Dames,,1.74,5,0.94,UK 99%,Tranco-scan,,2026-09-27,2026-09-27,nee,"geen SW-cijfer. Snel groeiend, volgende maand checken"
UK,Chaps London,chapslondon.co.uk,Heren,,0.93,5,0.96,UK 100%,Zoekopdracht,Chaps (chaps-herrenmode.de / chapslondon.co.uk),2026-09-27,2026-09-27,nee,geen SW-cijfer. Zelfde naam als chaps-herrenmode.de → vermoedelijk zelfde operator
UK,London Ward,londonward.co,Heren,,-0.03,4,0.95,UK 99%,Zoekopdracht,,2026-09-27,2026-09-27,nee,geen SW-cijfer
UK,Pink Boutique,pinkboutique.co.uk,Dames,554200,-0.24,1,0.21,UK 45%,Tranco-scan,,2026-09-27,2026-09-27,nee,"REFERENTIE - ander model. Echt UK-merk (eigen label, £ ,99), GEEN dropship-model - alleen referentie"
UK,Femme Luxe,femmeluxe.co.uk,Dames,40800,-0.34,1,0.31,UK 40%,Tranco-scan,,2026-09-27,2026-09-27,nee,"REFERENTIE - ander model. Eigen merk, geen dropship-model"
US,Harper & Wells Boston,harperwells-boston.com,"Dames, 'Naam | product'",1700000,0.14,5,0.86,"US 95%, PH 5%",Tranco-scan,,2026-10-02,2026-10-09,nee,SW sept: vergelijkingsblok (hoofdcijfer niet meer getoond)
US,Oliver & Blake,oliverandblake.com,Dames & heren,198900,1.02,5,0.8,US 98%,Tranco-scan,,2026-10-02,2026-10-09,nee,SW sept: vergelijkingsblok (hoofdcijfer niet meer getoond)
US,Lark & Clover,larkandclover.com,Dames,214700,0.25,3,0.02,"US 82%, TH 15%, CA 1%",Tranco-scan,,2026-10-02,2026-10-02,nee,Vrijwel alleen organisch verkeer
US,Lily & Todd NY,lilyandtoddny.com,Dames + kids,222600,2.28,2,0.0,"US 96%, UK 2%",Tranco-scan,,2026-10-02,2026-10-02,nee,"REFERENTIE - organisch, kids-artikelen"
US,Marlow & Quinn,marlowandquinn.com,Dames & heren,19800,-0.14,5,0.96,"US 86%, UK 14%",Zoekopdracht,,2026-10-02,2026-10-02,nee,
CA,Eclipse Stores,eclipsestores.com,Dames,68300,0.57,3,0.16,"CA 85%, US 10%",Tranco-scan,,2026-10-02,2026-10-02,nee,Vooral organisch
US,Mercer & Bloom,mercerandbloom.com,Dames,,1.25,5,0.85,US 97%,Tranco-scan,,2026-10-02,2026-10-02,nee,Geen SW-totaal; sterk groeiend
US,Paul's Wardrobe,paulswardrobe.com,Dames & heren,,4.3,5,0.94,US 98%,Tranco-scan,,2026-10-02,2026-10-02,nee,Geen SW-totaal; +430%
US,Urbanase,urbanase.com,Heren & dames,,,5,1.0,US 100%,Zoekopdracht,,2026-10-02,2026-10-02,nee,Geen SW-totaal; titelstijl als Newmae
US,Curve Bloom Nashville,curvebloomnashville.com,Dames,,2.96,4,0.89,US 99%,Zoekopdracht,,2026-10-02,2026-10-02,nee,Geen SW-totaal
US,North Style Fashion,northstyle-fashion.com,Heren & dames,,0.28,5,0.82,"US 65%, CZ 35%",Zoekopdracht,,2026-10-02,2026-10-02,nee,Geen SW-totaal
ES,Luz Estilo,luzestilo.es,Dames & heren,,0.04,5,0.94,ES 100%,Tranco-scan,,2026-10-02,2026-10-02,nee,Geen SW-totaal; 94% paid
ES,Serenti Moda,serentimoda.com,"Dames, laarzen",,-0.55,4,0.92,ES 99%,Tranco-scan,,2026-10-02,2026-10-02,nee,Geen SW-totaal; dalend
ES,Montana Bella,montanabella.es,Dames & heren,,1.25,5,0.93,,Tranco-scan,,2026-10-02,2026-10-02,nee,Geen SW-totaal; sterk groeiend
ES,Vientovida,vientovida.es,"Dames & heren, schoenen",85300,0.07,4,0.0,"ES 75%, US 24%",Tranco-scan,,2026-10-02,2026-10-02,nee,"85K alleen uit SW-vergelijkingsblok, geen hoofdcijfer → ONBEVESTIGD; organisch (0% paid)"
ES,Alliwant,alliwant.es,Dames,49100,-0.18,3,0.13,ES 100%,Tranco-scan,,2026-10-02,2026-10-02,nee,"Organisch, oogt als eigen label"
IT,Amara Fiore,amara-fiore.com,Dames & heren,,0.65,5,0.93,"IT 92%, DE 7%",Tranco-scan,,2026-10-02,2026-10-02,nee,Geen SW-hoofdcijfer (grafiek ~90K) → ONBEVESTIGD; 93% paid
IT,Vitelli Moda,vitellimoda.com,"Heren, schoenen",103300,-0.15,4,1.0,IT 44%,Tranco-scan,,2026-10-02,2026-10-09,nee,SW sept: vergelijkingsblok (hoofdcijfer niet meer getoond)
IT,Leela Moda,leelamoda.com,Dames,,-0.17,5,0.85,IT 100%,Tranco-scan,,2026-10-02,2026-10-02,nee,Geen SW-totaal
IT,Alexoo,alexoo.it,"Dames, schoenen",30300,-0.63,4,0.44,IT 100%,Tranco-scan,,2026-10-02,2026-10-02,nee,
IT,Lune Mode,lune-mode.com,Dames & heren,,0.73,5,0.91,"IT 52%, US 44%",Zoekopdracht,,2026-10-02,2026-10-02,nee,Geen SW-totaal; 11 taalmarkten
IT,Soof & Clay,soofandclay.com,Dames,,2.61,5,0.97,IT 99%,Tranco-scan,,2026-10-02,2026-10-02,nee,Geen SW-totaal; +261%
IT,Marlovale,marlovale.com,Dames & heren,,1.08,5,0.93,"IT 30%, ES 25%, GR 24%",Tranco-scan,,2026-10-02,2026-10-02,nee,Geen SW-totaal; multi-markt
IT,Rosati Milano,rosatimilano.com,Dames,55000,-0.2,3,0.0,IT 100%,Tranco-scan,,2026-10-02,2026-10-02,nee,Schatting ~55K; organisch
PL,Borowska Kraków,borowska-krakow.com,Dames & heren,,0.0,5,0.79,PL 100%,Tranco-scan,,2026-10-02,2026-10-02,nee,Geen SW-totaal; enige paid-dropshipper in PL gevonden
PL,Krystyna Andrzej Kraków,krystyna-andrzej-krakow.pl,Dames,,,4,0.0,PL 100%,Tranco-scan,,2026-10-02,2026-10-02,nee,Geen SW-totaal
US,Margaret Robinson,margaret-robinson.com,Dames,,0.79,5,1.0,US 100%,Tranco-scan,,2026-10-02,2026-10-02,nee,Geen SW-totaal; 100% paid
US,Donna's Dresses,donnasdresses.com,Dames,,-0.04,4,0.82,US 96%,Tranco-scan,,2026-10-02,2026-10-02,nee,
CA,Mode Choc,modechoc.ca,Dames & heren,66800,0.13,2,0.04,CA 99%,Tranco-scan,,2026-10-02,2026-10-02,nee,REFERENTIE - echte Canadese retailer
US,Montarello,montarello.com,Dames & heren,206400,1.49,5,0.93,"US 37%, UK 34%, FR 17%",Tranco nieuwkomers okt,,2026-10-09,2026-10-09,nee,SW sept: vergelijkingsblok (hoofdcijfer niet meer getoond); nieuw in top-1M
UK,Cole & Harrison,coleandharrison.com,Dames,153900,2.43,5,0.95,"UK 85%, US 9%, NL 4%",Tranco nieuwkomers okt,,2026-10-09,2026-10-09,nee,SW sept: vergelijkingsblok (hoofdcijfer niet meer getoond); nieuw in top-1M
US,Emma Claire Hamptons,emmaclaire-hamptons.com,"Dames, laarzen",53700,1.09,5,0.87,"US 69%, UK 28%",Tranco nieuwkomers okt,,2026-10-09,2026-10-09,nee,SW sept: vergelijkingsblok (hoofdcijfer niet meer getoond)
ES,Ana Cortez,ana-cortez.com,Mode,,2.26,5,0.91,"ES 91%, US 9%",Tranco nieuwkomers okt,,2026-10-09,2026-10-09,nee,Geen SW-cijfer; nieuw in top-1M sinds eind sept (groeier)
ES,Alma Boutique,almaboutique.es,Mode,,7.56,5,0.8,ES 100%,Tranco nieuwkomers okt,,2026-10-09,2026-10-09,nee,Geen SW-cijfer; nieuw in top-1M sinds eind sept (groeier)
IT,Novalente,novalente.it,Mode,,3.42,5,0.96,IT 100%,Tranco nieuwkomers okt,,2026-10-09,2026-10-09,nee,Geen SW-cijfer; nieuw in top-1M sinds eind sept (groeier)
IT,Anna Vera,annavera.it,Mode,,-0.38,5,0.87,IT 100%,Tranco nieuwkomers okt,,2026-10-09,2026-10-09,nee,Geen SW-cijfer; nieuw in top-1M sinds eind sept (groeier)
CA,Michael Claire Vancouver,michaelclairevancouver.com,Mode,,0.15,5,0.93,"CA 81%, US 19%",Tranco nieuwkomers okt,,2026-10-09,2026-10-09,nee,Geen SW-cijfer; nieuw in top-1M sinds eind sept (groeier)
UK,Emily Carter Manchester,emilycartermanchester.com,Mode,,-0.18,5,0.81,"UK 66%, US 17%",Tranco nieuwkomers okt,,2026-10-09,2026-10-09,nee,Geen SW-cijfer; nieuw in top-1M sinds eind sept (groeier)
UK,Davies & Cooper,daviesandcooper.com,Mode,,-0.3,5,0.94,UK 100%,Tranco nieuwkomers okt,,2026-10-09,2026-10-09,nee,Geen SW-cijfer; nieuw in top-1M sinds eind sept (groeier)
UK,Manchester Boutique,manchester-boutique.com,Mode,,1.89,5,0.68,UK 87%,Tranco nieuwkomers okt,,2026-10-09,2026-10-09,nee,Geen SW-cijfer; nieuw in top-1M sinds eind sept (groeier)
US,Rowan Shoes,shoesrowan.com,Mode,,-0.25,5,0.87,"US 59%, UK 41%",Tranco nieuwkomers okt,,2026-10-09,2026-10-09,nee,Geen SW-cijfer; nieuw in top-1M sinds eind sept (groeier)
UK,Brennan Dublin,brennan-dublin.com,Mode,,-0.25,5,0.94,IE 42%,Tranco nieuwkomers okt,,2026-10-09,2026-10-09,nee,Geen SW-cijfer; nieuw in top-1M sinds eind sept (groeier)
US,Aussie Vogue,aussie-vogue.co,Mode,,0.07,5,0.84,AU 91%,Tranco nieuwkomers okt,,2026-10-09,2026-10-09,nee,Geen SW-cijfer; nieuw in top-1M sinds eind sept (groeier)
US,Alden York,aldenyork.co,Mode,,0.31,5,0.87,US 25%,Tranco nieuwkomers okt,,2026-10-09,2026-10-09,nee,Geen SW-cijfer; nieuw in top-1M sinds eind sept (groeier)
