Handle,Title,Option1 Name,Option1 Value,Option2 Name,Option2 Value,Option3 Name,Option3 Value,Variant SKU,Variant Price,Variant Compare At Price
mocassini-uomo-classici-con-fascia-per-occasioni-eleganti,Mocassini Uomo Classici con Fascia per Occasioni Eleganti,Colore,Nero,Taglia,39,,,,54.95,90.95
mocassini-uomo-classici-con-fascia-per-occasioni-eleganti,,,Nero,,40,,,,54.95,90.95
mocassini-uomo-classici-con-fascia-per-occasioni-eleganti,,,Nero,,41,,,,54.95,90.95
mocassini-uomo-classici-con-fascia-per-occasioni-eleganti,,,Nero,,42,,,,54.95,90.95
mocassini-uomo-classici-con-fascia-per-occasioni-eleganti,,,Nero,,43,,,,54.95,90.95
mocassini-uomo-classici-con-fascia-per-occasioni-eleganti,,,Nero,,44,,,,54.95,90.95
mocassini-uomo-classici-con-fascia-per-occasioni-eleganti,,,Verde,,39,,,,54.95,90.95
mocassini-uomo-classici-con-fascia-per-occasioni-eleganti,,,Verde,,40,,,,54.95,90.95
mocassini-uomo-classici-con-fascia-per-occasioni-eleganti,,,Verde,,41,,,,54.95,90.95
mocassini-uomo-classici-con-fascia-per-occasioni-eleganti,,,Verde,,42,,,,54.95,90.95
mocassini-uomo-classici-con-fascia-per-occasioni-eleganti,,,Verde,,43,,,,54.95,90.95
mocassini-uomo-classici-con-fascia-per-occasioni-eleganti,,,Verde,,44,,,,54.95,90.95
mocassini-uomo-classici-con-fascia-per-occasioni-eleganti,,,Beige,,39,,,,54.95,90.95
mocassini-uomo-classici-con-fascia-per-occasioni-eleganti,,,Beige,,40,,,,54.95,90.95
mocassini-uomo-classici-con-fascia-per-occasioni-eleganti,,,Beige,,41,,,,54.95,90.95
mocassini-uomo-classici-con-fascia-per-occasioni-eleganti,,,Beige,,42,,,,54.95,90.95
mocassini-uomo-classici-con-fascia-per-occasioni-eleganti,,,Beige,,43,,,,54.95,90.95
mocassini-uomo-classici-con-fascia-per-occasioni-eleganti,,,Beige,,44,,,,54.95,90.95
mocassini-uomo-classici-con-fascia-per-occasioni-eleganti,,,Marrone,,39,,,,54.95,90.95
mocassini-uomo-classici-con-fascia-per-occasioni-eleganti,,,Marrone,,40,,,,54.95,90.95
mocassini-uomo-classici-con-fascia-per-occasioni-eleganti,,,Marrone,,41,,,,54.95,90.95
mocassini-uomo-classici-con-fascia-per-occasioni-eleganti,,,Marrone,,42,,,,54.95,90.95
mocassini-uomo-classici-con-fascia-per-occasioni-eleganti,,,Marrone,,43,,,,54.95,90.95
mocassini-uomo-classici-con-fascia-per-occasioni-eleganti,,,Marrone,,44,,,,54.95,90.95
mocassini-uomo-classici-con-fascia-per-occasioni-eleganti,,,Marrone Chiaro,,39,,,,54.95,90.95
mocassini-uomo-classici-con-fascia-per-occasioni-eleganti,,,Marrone Chiaro,,40,,,,54.95,90.95
mocassini-uomo-classici-con-fascia-per-occasioni-eleganti,,,Marrone Chiaro,,41,,,,54.95,90.95
mocassini-uomo-classici-con-fascia-per-occasioni-eleganti,,,Marrone Chiaro,,42,,,,54.95,90.95
mocassini-uomo-classici-con-fascia-per-occasioni-eleganti,,,Marrone Chiaro,,43,,,,54.95,90.95
mocassini-uomo-classici-con-fascia-per-occasioni-eleganti,,,Marrone Chiaro,,44,,,,54.95,90.95
giacca-bomber-uomo-con-colletto-alto-per-autunno,Giacca Bomber Uomo con Colletto Alto per Autunno,Colore,Nero,Taglia,S,,,,44.95,73.95
giacca-bomber-uomo-con-colletto-alto-per-autunno,,,Nero,,M,,,,44.95,73.95
giacca-bomber-uomo-con-colletto-alto-per-autunno,,,Nero,,L,,,,44.95,73.95
giacca-bomber-uomo-con-colletto-alto-per-autunno,,,Nero,,XL,,,,44.95,73.95
giacca-bomber-uomo-con-colletto-alto-per-autunno,,,Nero,,2XL,,,,44.95,73.95
giacca-bomber-uomo-con-colletto-alto-per-autunno,,,Nero,,3XL,,,,44.95,73.95
giacca-bomber-uomo-con-colletto-alto-per-autunno,,,Blu Scuro,,S,,,,44.95,73.95
giacca-bomber-uomo-con-colletto-alto-per-autunno,,,Blu Scuro,,M,,,,44.95,73.95
giacca-bomber-uomo-con-colletto-alto-per-autunno,,,Blu Scuro,,L,,,,44.95,73.95
giacca-bomber-uomo-con-colletto-alto-per-autunno,,,Blu Scuro,,XL,,,,44.95,73.95
giacca-bomber-uomo-con-colletto-alto-per-autunno,,,Blu Scuro,,2XL,,,,44.95,73.95
giacca-bomber-uomo-con-colletto-alto-per-autunno,,,Blu Scuro,,3XL,,,,44.95,73.95
giacca-bomber-uomo-con-colletto-alto-per-autunno,,,Bordeaux,,S,,,,44.95,73.95
giacca-bomber-uomo-con-colletto-alto-per-autunno,,,Bordeaux,,M,,,,44.95,73.95
giacca-bomber-uomo-con-colletto-alto-per-autunno,,,Bordeaux,,L,,,,44.95,73.95
giacca-bomber-uomo-con-colletto-alto-per-autunno,,,Bordeaux,,XL,,,,44.95,73.95
giacca-bomber-uomo-con-colletto-alto-per-autunno,,,Bordeaux,,2XL,,,,44.95,73.95
giacca-bomber-uomo-con-colletto-alto-per-autunno,,,Bordeaux,,3XL,,,,44.95,73.95
giacca-bomber-uomo-con-colletto-alto-per-autunno,,,Khaki,,S,,,,44.95,73.95
giacca-bomber-uomo-con-colletto-alto-per-autunno,,,Khaki,,M,,,,44.95,73.95
giacca-bomber-uomo-con-colletto-alto-per-autunno,,,Khaki,,L,,,,44.95,73.95
giacca-bomber-uomo-con-colletto-alto-per-autunno,,,Khaki,,XL,,,,44.95,73.95
giacca-bomber-uomo-con-colletto-alto-per-autunno,,,Khaki,,2XL,,,,44.95,73.95
giacca-bomber-uomo-con-colletto-alto-per-autunno,,,Khaki,,3XL,,,,44.95,73.95
giacca-bomber-uomo-con-colletto-alto-per-autunno,,,Verde Scuro,,S,,,,44.95,73.95
giacca-bomber-uomo-con-colletto-alto-per-autunno,,,Verde Scuro,,M,,,,44.95,73.95
giacca-bomber-uomo-con-colletto-alto-per-autunno,,,Verde Scuro,,L,,,,44.95,73.95
giacca-bomber-uomo-con-colletto-alto-per-autunno,,,Verde Scuro,,XL,,,,44.95,73.95
giacca-bomber-uomo-con-colletto-alto-per-autunno,,,Verde Scuro,,2XL,,,,44.95,73.95
giacca-bomber-uomo-con-colletto-alto-per-autunno,,,Verde Scuro,,3XL,,,,44.95,73.95
camicia-uomo-a-maniche-lunghe-per-stile-quotidiano,Camicia Uomo a Maniche Lunghe per Stile Quotidiano,Colore,Rosso,Taglia,S,,,,34.95,57.95
camicia-uomo-a-maniche-lunghe-per-stile-quotidiano,,,Rosso,,M,,,,34.95,57.95
camicia-uomo-a-maniche-lunghe-per-stile-quotidiano,,,Rosso,,L,,,,34.95,57.95
camicia-uomo-a-maniche-lunghe-per-stile-quotidiano,,,Rosso,,XL,,,,34.95,57.95
camicia-uomo-a-maniche-lunghe-per-stile-quotidiano,,,Rosso,,2XL,,,,34.95,57.95
camicia-uomo-a-maniche-lunghe-per-stile-quotidiano,,,Rosso,,3XL,,,,34.95,57.95
camicia-uomo-a-maniche-lunghe-per-stile-quotidiano,,,Nero,,S,,,,34.95,57.95
camicia-uomo-a-maniche-lunghe-per-stile-quotidiano,,,Nero,,M,,,,34.95,57.95
camicia-uomo-a-maniche-lunghe-per-stile-quotidiano,,,Nero,,L,,,,34.95,57.95
camicia-uomo-a-maniche-lunghe-per-stile-quotidiano,,,Nero,,XL,,,,34.95,57.95
camicia-uomo-a-maniche-lunghe-per-stile-quotidiano,,,Nero,,2XL,,,,34.95,57.95
camicia-uomo-a-maniche-lunghe-per-stile-quotidiano,,,Nero,,3XL,,,,34.95,57.95
camicia-uomo-a-maniche-lunghe-per-stile-quotidiano,,,Blu,,S,,,,34.95,57.95
camicia-uomo-a-maniche-lunghe-per-stile-quotidiano,,,Blu,,M,,,,34.95,57.95
camicia-uomo-a-maniche-lunghe-per-stile-quotidiano,,,Blu,,L,,,,34.95,57.95
camicia-uomo-a-maniche-lunghe-per-stile-quotidiano,,,Blu,,XL,,,,34.95,57.95
camicia-uomo-a-maniche-lunghe-per-stile-quotidiano,,,Blu,,2XL,,,,34.95,57.95
camicia-uomo-a-maniche-lunghe-per-stile-quotidiano,,,Blu,,3XL,,,,34.95,57.95
camicia-uomo-a-maniche-lunghe-per-stile-quotidiano,,,Verde,,S,,,,34.95,57.95
camicia-uomo-a-maniche-lunghe-per-stile-quotidiano,,,Verde,,M,,,,34.95,57.95
camicia-uomo-a-maniche-lunghe-per-stile-quotidiano,,,Verde,,L,,,,34.95,57.95
camicia-uomo-a-maniche-lunghe-per-stile-quotidiano,,,Verde,,XL,,,,34.95,57.95
camicia-uomo-a-maniche-lunghe-per-stile-quotidiano,,,Verde,,2XL,,,,34.95,57.95
camicia-uomo-a-maniche-lunghe-per-stile-quotidiano,,,Verde,,3XL,,,,34.95,57.95
camicia-uomo-a-maniche-lunghe-per-stile-quotidiano,,,Beige,,S,,,,34.95,57.95
camicia-uomo-a-maniche-lunghe-per-stile-quotidiano,,,Beige,,M,,,,34.95,57.95
camicia-uomo-a-maniche-lunghe-per-stile-quotidiano,,,Beige,,L,,,,34.95,57.95
camicia-uomo-a-maniche-lunghe-per-stile-quotidiano,,,Beige,,XL,,,,34.95,57.95
camicia-uomo-a-maniche-lunghe-per-stile-quotidiano,,,Beige,,2XL,,,,34.95,57.95
camicia-uomo-a-maniche-lunghe-per-stile-quotidiano,,,Beige,,3XL,,,,34.95,57.95
camicia-uomo-a-maniche-lunghe-per-stile-quotidiano,,,Marrone,,S,,,,34.95,57.95
camicia-uomo-a-maniche-lunghe-per-stile-quotidiano,,,Marrone,,M,,,,34.95,57.95
camicia-uomo-a-maniche-lunghe-per-stile-quotidiano,,,Marrone,,L,,,,34.95,57.95
camicia-uomo-a-maniche-lunghe-per-stile-quotidiano,,,Marrone,,XL,,,,34.95,57.95
camicia-uomo-a-maniche-lunghe-per-stile-quotidiano,,,Marrone,,2XL,,,,34.95,57.95
camicia-uomo-a-maniche-lunghe-per-stile-quotidiano,,,Marrone,,3XL,,,,34.95,57.95
camicia-uomo-a-maniche-lunghe-per-stile-quotidiano,,,Grigio,,S,,,,34.95,57.95
camicia-uomo-a-maniche-lunghe-per-stile-quotidiano,,,Grigio,,M,,,,34.95,57.95
camicia-uomo-a-maniche-lunghe-per-stile-quotidiano,,,Grigio,,L,,,,34.95,57.95
camicia-uomo-a-maniche-lunghe-per-stile-quotidiano,,,Grigio,,XL,,,,34.95,57.95
camicia-uomo-a-maniche-lunghe-per-stile-quotidiano,,,Grigio,,2XL,,,,34.95,57.95
camicia-uomo-a-maniche-lunghe-per-stile-quotidiano,,,Grigio,,3XL,,,,34.95,57.95
stivali-western-da-uomo-per-occasioni-speciali,Stivali western da uomo per occasioni speciali,Colore,Nero,Taglia,39,,,,59.95,98.95
stivali-western-da-uomo-per-occasioni-speciali,,,Nero,,40,,,,59.95,98.95
stivali-western-da-uomo-per-occasioni-speciali,,,Nero,,41,,,,59.95,98.95
stivali-western-da-uomo-per-occasioni-speciali,,,Nero,,42,,,,59.95,98.95
stivali-western-da-uomo-per-occasioni-speciali,,,Nero,,43,,,,59.95,98.95
stivali-western-da-uomo-per-occasioni-speciali,,,Nero,,44,,,,59.95,98.95
stivali-western-da-uomo-per-occasioni-speciali,,,Marrone,,39,,,,59.95,98.95
stivali-western-da-uomo-per-occasioni-speciali,,,Marrone,,40,,,,59.95,98.95
stivali-western-da-uomo-per-occasioni-speciali,,,Marrone,,41,,,,59.95,98.95
stivali-western-da-uomo-per-occasioni-speciali,,,Marrone,,42,,,,59.95,98.95
stivali-western-da-uomo-per-occasioni-speciali,,,Marrone,,43,,,,59.95,98.95
stivali-western-da-uomo-per-occasioni-speciali,,,Marrone,,44,,,,59.95,98.95
stivale-uomo-alto-dallo-stile-vintage,Stivale Uomo Alto dallo Stile Vintage,Colore,Marrone,Taglia,39,,,,84.95,140.95
stivale-uomo-alto-dallo-stile-vintage,,,Marrone,,40,,,,84.95,140.95
stivale-uomo-alto-dallo-stile-vintage,,,Marrone,,41,,,,84.95,140.95
stivale-uomo-alto-dallo-stile-vintage,,,Marrone,,42,,,,84.95,140.95
stivale-uomo-alto-dallo-stile-vintage,,,Marrone,,43,,,,84.95,140.95
stivale-uomo-alto-dallo-stile-vintage,,,Marrone,,44,,,,84.95,140.95
stivale-uomo-alto-dallo-stile-vintage,,,Rosso Vino,,39,,,,84.95,140.95
stivale-uomo-alto-dallo-stile-vintage,,,Rosso Vino,,40,,,,84.95,140.95
stivale-uomo-alto-dallo-stile-vintage,,,Rosso Vino,,41,,,,84.95,140.95
stivale-uomo-alto-dallo-stile-vintage,,,Rosso Vino,,42,,,,84.95,140.95
stivale-uomo-alto-dallo-stile-vintage,,,Rosso Vino,,43,,,,84.95,140.95
stivale-uomo-alto-dallo-stile-vintage,,,Rosso Vino,,44,,,,84.95,140.95
stivale-uomo-alto-dallo-stile-vintage,,,Nero,,39,,,,84.95,140.95
stivale-uomo-alto-dallo-stile-vintage,,,Nero,,40,,,,84.95,140.95
stivale-uomo-alto-dallo-stile-vintage,,,Nero,,41,,,,84.95,140.95
stivale-uomo-alto-dallo-stile-vintage,,,Nero,,42,,,,84.95,140.95
stivale-uomo-alto-dallo-stile-vintage,,,Nero,,43,,,,84.95,140.95
stivale-uomo-alto-dallo-stile-vintage,,,Nero,,44,,,,84.95,140.95
stivale-uomo-alto-dallo-stile-vintage,,,Marrone Scuro,,39,,,,84.95,140.95
stivale-uomo-alto-dallo-stile-vintage,,,Marrone Scuro,,40,,,,84.95,140.95
stivale-uomo-alto-dallo-stile-vintage,,,Marrone Scuro,,41,,,,84.95,140.95
stivale-uomo-alto-dallo-stile-vintage,,,Marrone Scuro,,42,,,,84.95,140.95
stivale-uomo-alto-dallo-stile-vintage,,,Marrone Scuro,,43,,,,84.95,140.95
stivale-uomo-alto-dallo-stile-vintage,,,Marrone Scuro,,44,,,,84.95,140.95
giacca-bomber-uomo-per-le-giornate-fresche,Giacca Bomber Uomo per le Giornate Fresche,Colore,Nero,Taglia,S,,,,59.95,98.95
giacca-bomber-uomo-per-le-giornate-fresche,,,Nero,,M,,,,59.95,98.95
giacca-bomber-uomo-per-le-giornate-fresche,,,Nero,,L,,,,59.95,98.95
giacca-bomber-uomo-per-le-giornate-fresche,,,Nero,,XL,,,,59.95,98.95
giacca-bomber-uomo-per-le-giornate-fresche,,,Nero,,2XL,,,,59.95,98.95
giacca-bomber-uomo-per-le-giornate-fresche,,,Nero,,3XL,,,,59.95,98.95
giacca-bomber-uomo-per-le-giornate-fresche,,,Rosso,,S,,,,59.95,98.95
giacca-bomber-uomo-per-le-giornate-fresche,,,Rosso,,M,,,,59.95,98.95
giacca-bomber-uomo-per-le-giornate-fresche,,,Rosso,,L,,,,59.95,98.95
giacca-bomber-uomo-per-le-giornate-fresche,,,Rosso,,XL,,,,59.95,98.95
giacca-bomber-uomo-per-le-giornate-fresche,,,Rosso,,2XL,,,,59.95,98.95
giacca-bomber-uomo-per-le-giornate-fresche,,,Rosso,,3XL,,,,59.95,98.95
giacca-bomber-uomo-per-le-giornate-fresche,,,Verde Militare,,S,,,,59.95,98.95
giacca-bomber-uomo-per-le-giornate-fresche,,,Verde Militare,,M,,,,59.95,98.95
giacca-bomber-uomo-per-le-giornate-fresche,,,Verde Militare,,L,,,,59.95,98.95
giacca-bomber-uomo-per-le-giornate-fresche,,,Verde Militare,,XL,,,,59.95,98.95
giacca-bomber-uomo-per-le-giornate-fresche,,,Verde Militare,,2XL,,,,59.95,98.95
giacca-bomber-uomo-per-le-giornate-fresche,,,Verde Militare,,3XL,,,,59.95,98.95
giacca-bomber-uomo-per-le-giornate-fresche,,,Blu Navy,,S,,,,59.95,98.95
giacca-bomber-uomo-per-le-giornate-fresche,,,Blu Navy,,M,,,,59.95,98.95
giacca-bomber-uomo-per-le-giornate-fresche,,,Blu Navy,,L,,,,59.95,98.95
giacca-bomber-uomo-per-le-giornate-fresche,,,Blu Navy,,XL,,,,59.95,98.95
giacca-bomber-uomo-per-le-giornate-fresche,,,Blu Navy,,2XL,,,,59.95,98.95
giacca-bomber-uomo-per-le-giornate-fresche,,,Blu Navy,,3XL,,,,59.95,98.95
parka-donna-per-le-giornate-invernali,Parka Donna per le Giornate Invernali,Colore,Nero,Taglia,S,,,,74.95,123.95
parka-donna-per-le-giornate-invernali,,,Nero,,M,,,,74.95,123.95
parka-donna-per-le-giornate-invernali,,,Nero,,L,,,,74.95,123.95
parka-donna-per-le-giornate-invernali,,,Nero,,XL,,,,74.95,123.95
parka-donna-per-le-giornate-invernali,,,Nero,,2XL,,,,74.95,123.95
parka-donna-per-le-giornate-invernali,,,Nero,,3XL,,,,74.95,123.95
parka-donna-per-le-giornate-invernali,,,Verde Blu,,S,,,,74.95,123.95
parka-donna-per-le-giornate-invernali,,,Verde Blu,,M,,,,74.95,123.95
parka-donna-per-le-giornate-invernali,,,Verde Blu,,L,,,,74.95,123.95
parka-donna-per-le-giornate-invernali,,,Verde Blu,,XL,,,,74.95,123.95
parka-donna-per-le-giornate-invernali,,,Verde Blu,,2XL,,,,74.95,123.95
parka-donna-per-le-giornate-invernali,,,Verde Blu,,3XL,,,,74.95,123.95
parka-donna-per-le-giornate-invernali,,,Grigio Scuro,,S,,,,74.95,123.95
parka-donna-per-le-giornate-invernali,,,Grigio Scuro,,M,,,,74.95,123.95
parka-donna-per-le-giornate-invernali,,,Grigio Scuro,,L,,,,74.95,123.95
parka-donna-per-le-giornate-invernali,,,Grigio Scuro,,XL,,,,74.95,123.95
parka-donna-per-le-giornate-invernali,,,Grigio Scuro,,2XL,,,,74.95,123.95
parka-donna-per-le-giornate-invernali,,,Grigio Scuro,,3XL,,,,74.95,123.95
sneakers-donna-bianche-con-lacci-e-dettagli-eleganti,Sneakers Donna Bianche con Lacci e Dettagli Eleganti,Colore,Bianco,Taglia,36,,,,34.95,57.95
sneakers-donna-bianche-con-lacci-e-dettagli-eleganti,,,Bianco,,37,,,,34.95,57.95
sneakers-donna-bianche-con-lacci-e-dettagli-eleganti,,,Bianco,,38,,,,34.95,57.95
sneakers-donna-bianche-con-lacci-e-dettagli-eleganti,,,Bianco,,39,,,,34.95,57.95
sneakers-donna-bianche-con-lacci-e-dettagli-eleganti,,,Bianco,,40,,,,34.95,57.95
sneakers-donna-bianche-con-lacci-e-dettagli-eleganti,,,Bianco,,41,,,,34.95,57.95
sneakers-donna-bianche-con-lacci-e-dettagli-eleganti,,,Bianco,,42,,,,34.95,57.95
sneakers-donna-bianche-con-lacci-e-dettagli-eleganti,,,Nero,,36,,,,34.95,57.95
sneakers-donna-bianche-con-lacci-e-dettagli-eleganti,,,Nero,,37,,,,34.95,57.95
sneakers-donna-bianche-con-lacci-e-dettagli-eleganti,,,Nero,,38,,,,34.95,57.95
sneakers-donna-bianche-con-lacci-e-dettagli-eleganti,,,Nero,,39,,,,34.95,57.95
sneakers-donna-bianche-con-lacci-e-dettagli-eleganti,,,Nero,,40,,,,34.95,57.95
sneakers-donna-bianche-con-lacci-e-dettagli-eleganti,,,Nero,,42,,,,34.95,57.95
sneakers-donna-bianche-con-lacci-e-dettagli-eleganti,,,Nero,,41,,,,34.95,57.95
mocassini-da-donna-per-ufficio-e-tempo-libero,Mocassini da donna per ufficio e tempo libero,Colore,Nero,Taglia,36,,,,39.95,65.95
mocassini-da-donna-per-ufficio-e-tempo-libero,,,Nero,,37,,,,39.95,65.95
mocassini-da-donna-per-ufficio-e-tempo-libero,,,Nero,,38,,,,39.95,65.95
mocassini-da-donna-per-ufficio-e-tempo-libero,,,Nero,,39,,,,39.95,65.95
mocassini-da-donna-per-ufficio-e-tempo-libero,,,Nero,,40,,,,39.95,65.95
mocassini-da-donna-per-ufficio-e-tempo-libero,,,Nero,,41,,,,39.95,65.95
mocassini-da-donna-per-ufficio-e-tempo-libero,,,Nero,,42,,,,39.95,65.95
mocassini-da-donna-per-ufficio-e-tempo-libero,,,Grigio,,36,,,,39.95,65.95
mocassini-da-donna-per-ufficio-e-tempo-libero,,,Grigio,,37,,,,39.95,65.95
mocassini-da-donna-per-ufficio-e-tempo-libero,,,Grigio,,38,,,,39.95,65.95
mocassini-da-donna-per-ufficio-e-tempo-libero,,,Grigio,,39,,,,39.95,65.95
mocassini-da-donna-per-ufficio-e-tempo-libero,,,Grigio,,40,,,,39.95,65.95
mocassini-da-donna-per-ufficio-e-tempo-libero,,,Grigio,,41,,,,39.95,65.95
mocassini-da-donna-per-ufficio-e-tempo-libero,,,Grigio,,42,,,,39.95,65.95
mocassini-da-donna-per-ufficio-e-tempo-libero,,,Khaki,,36,,,,39.95,65.95
mocassini-da-donna-per-ufficio-e-tempo-libero,,,Khaki,,37,,,,39.95,65.95
mocassini-da-donna-per-ufficio-e-tempo-libero,,,Khaki,,38,,,,39.95,65.95
mocassini-da-donna-per-ufficio-e-tempo-libero,,,Khaki,,39,,,,39.95,65.95
mocassini-da-donna-per-ufficio-e-tempo-libero,,,Khaki,,40,,,,39.95,65.95
mocassini-da-donna-per-ufficio-e-tempo-libero,,,Khaki,,41,,,,39.95,65.95
mocassini-da-donna-per-ufficio-e-tempo-libero,,,Khaki,,42,,,,39.95,65.95
mocassini-da-donna-per-ufficio-e-tempo-libero,,,Giallo/Arancione,,36,,,,39.95,65.95
mocassini-da-donna-per-ufficio-e-tempo-libero,,,Giallo/Arancione,,37,,,,39.95,65.95
mocassini-da-donna-per-ufficio-e-tempo-libero,,,Giallo/Arancione,,38,,,,39.95,65.95
mocassini-da-donna-per-ufficio-e-tempo-libero,,,Giallo/Arancione,,39,,,,39.95,65.95
mocassini-da-donna-per-ufficio-e-tempo-libero,,,Giallo/Arancione,,40,,,,39.95,65.95
mocassini-da-donna-per-ufficio-e-tempo-libero,,,Giallo/Arancione,,41,,,,39.95,65.95
mocassini-da-donna-per-ufficio-e-tempo-libero,,,Giallo/Arancione,,42,,,,39.95,65.95
giacca-uomo-per-le-giornate-fresche-dautunno,Giacca Uomo per le Giornate Fresche d'Autunno,Colore,Marrone,Taglia,S,,,,64.95,107.95
giacca-uomo-per-le-giornate-fresche-dautunno,,,Marrone,,M,,,,64.95,107.95
giacca-uomo-per-le-giornate-fresche-dautunno,,,Marrone,,L,,,,64.95,107.95
giacca-uomo-per-le-giornate-fresche-dautunno,,,Marrone,,XL,,,,64.95,107.95
giacca-uomo-per-le-giornate-fresche-dautunno,,,Marrone,,2XL,,,,64.95,107.95
giacca-uomo-per-le-giornate-fresche-dautunno,,,Marrone,,3XL,,,,64.95,107.95
giacca-uomo-per-le-giornate-fresche-dautunno,,,Nero,,S,,,,64.95,107.95
giacca-uomo-per-le-giornate-fresche-dautunno,,,Nero,,M,,,,64.95,107.95
giacca-uomo-per-le-giornate-fresche-dautunno,,,Nero,,L,,,,64.95,107.95
giacca-uomo-per-le-giornate-fresche-dautunno,,,Nero,,XL,,,,64.95,107.95
giacca-uomo-per-le-giornate-fresche-dautunno,,,Nero,,2XL,,,,64.95,107.95
giacca-uomo-per-le-giornate-fresche-dautunno,,,Nero,,3XL,,,,64.95,107.95
completo-donna-con-felpa-e-pantaloni-ampi,Completo Donna con Felpa e Pantaloni Ampi,Colore,Nero,Taglia,S,,,,64.95,107.95
completo-donna-con-felpa-e-pantaloni-ampi,,,Nero,,M,,,,64.95,107.95
completo-donna-con-felpa-e-pantaloni-ampi,,,Nero,,L,,,,64.95,107.95
completo-donna-con-felpa-e-pantaloni-ampi,,,Nero,,XL,,,,64.95,107.95
completo-donna-con-felpa-e-pantaloni-ampi,,,Nero,,2XL,,,,64.95,107.95
completo-donna-con-felpa-e-pantaloni-ampi,,,Nero,,3XL,,,,64.95,107.95
completo-donna-con-felpa-e-pantaloni-ampi,,,Beige,,S,,,,64.95,107.95
completo-donna-con-felpa-e-pantaloni-ampi,,,Beige,,M,,,,64.95,107.95
completo-donna-con-felpa-e-pantaloni-ampi,,,Beige,,L,,,,64.95,107.95
completo-donna-con-felpa-e-pantaloni-ampi,,,Beige,,XL,,,,64.95,107.95
completo-donna-con-felpa-e-pantaloni-ampi,,,Beige,,2XL,,,,64.95,107.95
completo-donna-con-felpa-e-pantaloni-ampi,,,Beige,,3XL,,,,64.95,107.95
completo-donna-con-felpa-e-pantaloni-ampi,,,Talpa,,S,,,,64.95,107.95
completo-donna-con-felpa-e-pantaloni-ampi,,,Talpa,,M,,,,64.95,107.95
completo-donna-con-felpa-e-pantaloni-ampi,,,Talpa,,L,,,,64.95,107.95
completo-donna-con-felpa-e-pantaloni-ampi,,,Talpa,,XL,,,,64.95,107.95
completo-donna-con-felpa-e-pantaloni-ampi,,,Talpa,,2XL,,,,64.95,107.95
completo-donna-con-felpa-e-pantaloni-ampi,,,Talpa,,3XL,,,,64.95,107.95
pantaloni-cargo-da-uomo-per-il-tempo-libero-e-la-vita-quotidiana,Pantaloni cargo da uomo per il tempo libero e la vita quotidiana,Colore,Verde,Taglia,S,,,,39.95,65.95
pantaloni-cargo-da-uomo-per-il-tempo-libero-e-la-vita-quotidiana,,,Verde,,M,,,,39.95,65.95
pantaloni-cargo-da-uomo-per-il-tempo-libero-e-la-vita-quotidiana,,,Verde,,L,,,,39.95,65.95
pantaloni-cargo-da-uomo-per-il-tempo-libero-e-la-vita-quotidiana,,,Verde,,XL,,,,39.95,65.95
pantaloni-cargo-da-uomo-per-il-tempo-libero-e-la-vita-quotidiana,,,Verde,,2XL,,,,39.95,65.95
pantaloni-cargo-da-uomo-per-il-tempo-libero-e-la-vita-quotidiana,,,Verde,,3XL,,,,39.95,65.95
pantaloni-cargo-da-uomo-per-il-tempo-libero-e-la-vita-quotidiana,,,Blu,,S,,,,39.95,65.95
pantaloni-cargo-da-uomo-per-il-tempo-libero-e-la-vita-quotidiana,,,Blu,,M,,,,39.95,65.95
pantaloni-cargo-da-uomo-per-il-tempo-libero-e-la-vita-quotidiana,,,Blu,,L,,,,39.95,65.95
pantaloni-cargo-da-uomo-per-il-tempo-libero-e-la-vita-quotidiana,,,Blu,,XL,,,,39.95,65.95
pantaloni-cargo-da-uomo-per-il-tempo-libero-e-la-vita-quotidiana,,,Blu,,2XL,,,,39.95,65.95
pantaloni-cargo-da-uomo-per-il-tempo-libero-e-la-vita-quotidiana,,,Blu,,3XL,,,,39.95,65.95
pantaloni-cargo-da-uomo-per-il-tempo-libero-e-la-vita-quotidiana,,,Nero,,S,,,,39.95,65.95
pantaloni-cargo-da-uomo-per-il-tempo-libero-e-la-vita-quotidiana,,,Nero,,M,,,,39.95,65.95
pantaloni-cargo-da-uomo-per-il-tempo-libero-e-la-vita-quotidiana,,,Nero,,L,,,,39.95,65.95
pantaloni-cargo-da-uomo-per-il-tempo-libero-e-la-vita-quotidiana,,,Nero,,XL,,,,39.95,65.95
pantaloni-cargo-da-uomo-per-il-tempo-libero-e-la-vita-quotidiana,,,Nero,,2XL,,,,39.95,65.95
pantaloni-cargo-da-uomo-per-il-tempo-libero-e-la-vita-quotidiana,,,Nero,,3XL,,,,39.95,65.95
pantaloni-cargo-da-uomo-per-il-tempo-libero-e-la-vita-quotidiana,,,Marrone,,S,,,,39.95,65.95
pantaloni-cargo-da-uomo-per-il-tempo-libero-e-la-vita-quotidiana,,,Marrone,,M,,,,39.95,65.95
pantaloni-cargo-da-uomo-per-il-tempo-libero-e-la-vita-quotidiana,,,Marrone,,L,,,,39.95,65.95
pantaloni-cargo-da-uomo-per-il-tempo-libero-e-la-vita-quotidiana,,,Marrone,,XL,,,,39.95,65.95
pantaloni-cargo-da-uomo-per-il-tempo-libero-e-la-vita-quotidiana,,,Marrone,,2XL,,,,39.95,65.95
pantaloni-cargo-da-uomo-per-il-tempo-libero-e-la-vita-quotidiana,,,Marrone,,3XL,,,,39.95,65.95
pantaloni-cargo-da-uomo-per-il-tempo-libero-e-la-vita-quotidiana,,,Grigio,,S,,,,39.95,65.95
pantaloni-cargo-da-uomo-per-il-tempo-libero-e-la-vita-quotidiana,,,Grigio,,M,,,,39.95,65.95
pantaloni-cargo-da-uomo-per-il-tempo-libero-e-la-vita-quotidiana,,,Grigio,,L,,,,39.95,65.95
pantaloni-cargo-da-uomo-per-il-tempo-libero-e-la-vita-quotidiana,,,Grigio,,XL,,,,39.95,65.95
pantaloni-cargo-da-uomo-per-il-tempo-libero-e-la-vita-quotidiana,,,Grigio,,2XL,,,,39.95,65.95
pantaloni-cargo-da-uomo-per-il-tempo-libero-e-la-vita-quotidiana,,,Grigio,,3XL,,,,39.95,65.95
completo-donna-con-maglia-e-pantaloni-per-occasioni,Completo Donna con Maglia e Pantaloni per Occasioni,Colore,Oro,Taglia,S,,,,34.95,57.95
completo-donna-con-maglia-e-pantaloni-per-occasioni,,,Oro,,M,,,,34.95,57.95
completo-donna-con-maglia-e-pantaloni-per-occasioni,,,Oro,,L,,,,34.95,57.95
completo-donna-con-maglia-e-pantaloni-per-occasioni,,,Oro,,XL,,,,34.95,57.95
completo-donna-con-maglia-e-pantaloni-per-occasioni,,,Oro,,2XL,,,,34.95,57.95
completo-donna-con-maglia-e-pantaloni-per-occasioni,,,Oro,,3XL,,,,34.95,57.95
completo-donna-con-maglia-e-pantaloni-per-occasioni,,,Viola,,S,,,,34.95,57.95
completo-donna-con-maglia-e-pantaloni-per-occasioni,,,Viola,,M,,,,34.95,57.95
completo-donna-con-maglia-e-pantaloni-per-occasioni,,,Viola,,L,,,,34.95,57.95
completo-donna-con-maglia-e-pantaloni-per-occasioni,,,Viola,,XL,,,,34.95,57.95
completo-donna-con-maglia-e-pantaloni-per-occasioni,,,Viola,,2XL,,,,34.95,57.95
completo-donna-con-maglia-e-pantaloni-per-occasioni,,,Viola,,3XL,,,,34.95,57.95
completo-donna-con-maglia-e-pantaloni-per-occasioni,,,Nero,,S,,,,34.95,57.95
completo-donna-con-maglia-e-pantaloni-per-occasioni,,,Nero,,M,,,,34.95,57.95
completo-donna-con-maglia-e-pantaloni-per-occasioni,,,Nero,,L,,,,34.95,57.95
completo-donna-con-maglia-e-pantaloni-per-occasioni,,,Nero,,XL,,,,34.95,57.95
completo-donna-con-maglia-e-pantaloni-per-occasioni,,,Nero,,2XL,,,,34.95,57.95
completo-donna-con-maglia-e-pantaloni-per-occasioni,,,Nero,,3XL,,,,34.95,57.95
completo-donna-con-maglia-e-pantaloni-per-occasioni,,,Bianco,,S,,,,34.95,57.95
completo-donna-con-maglia-e-pantaloni-per-occasioni,,,Bianco,,M,,,,34.95,57.95
completo-donna-con-maglia-e-pantaloni-per-occasioni,,,Bianco,,L,,,,34.95,57.95
completo-donna-con-maglia-e-pantaloni-per-occasioni,,,Bianco,,XL,,,,34.95,57.95
completo-donna-con-maglia-e-pantaloni-per-occasioni,,,Bianco,,2XL,,,,34.95,57.95
completo-donna-con-maglia-e-pantaloni-per-occasioni,,,Bianco,,3XL,,,,34.95,57.95
completo-donna-con-maglia-e-pantaloni-per-occasioni,,,Blu,,S,,,,34.95,57.95
completo-donna-con-maglia-e-pantaloni-per-occasioni,,,Blu,,M,,,,34.95,57.95
completo-donna-con-maglia-e-pantaloni-per-occasioni,,,Blu,,L,,,,34.95,57.95
completo-donna-con-maglia-e-pantaloni-per-occasioni,,,Blu,,XL,,,,34.95,57.95
completo-donna-con-maglia-e-pantaloni-per-occasioni,,,Blu,,2XL,,,,34.95,57.95
completo-donna-con-maglia-e-pantaloni-per-occasioni,,,Blu,,3XL,,,,34.95,57.95
completo-donna-con-maglia-e-pantaloni-per-occasioni,,,Grigio,,S,,,,34.95,57.95
completo-donna-con-maglia-e-pantaloni-per-occasioni,,,Grigio,,M,,,,34.95,57.95
completo-donna-con-maglia-e-pantaloni-per-occasioni,,,Grigio,,L,,,,34.95,57.95
completo-donna-con-maglia-e-pantaloni-per-occasioni,,,Grigio,,XL,,,,34.95,57.95
completo-donna-con-maglia-e-pantaloni-per-occasioni,,,Grigio,,2XL,,,,34.95,57.95
completo-donna-con-maglia-e-pantaloni-per-occasioni,,,Grigio,,3XL,,,,34.95,57.95
giacca-da-donna-con-cappuccio-per-la-vita-quotidiana-e-il-tempo-libero,Giacca da donna con cappuccio per la vita quotidiana e il tempo libero,Colore,Grigio,Taglia,S,,,,39.95,65.95
giacca-da-donna-con-cappuccio-per-la-vita-quotidiana-e-il-tempo-libero,,,Grigio,,M,,,,39.95,65.95
giacca-da-donna-con-cappuccio-per-la-vita-quotidiana-e-il-tempo-libero,,,Grigio,,L,,,,39.95,65.95
giacca-da-donna-con-cappuccio-per-la-vita-quotidiana-e-il-tempo-libero,,,Grigio,,XL,,,,39.95,65.95
giacca-da-donna-con-cappuccio-per-la-vita-quotidiana-e-il-tempo-libero,,,Grigio,,2XL,,,,39.95,65.95
giacca-da-donna-con-cappuccio-per-la-vita-quotidiana-e-il-tempo-libero,,,Grigio,,3XL,,,,39.95,65.95
giacca-da-donna-con-cappuccio-per-la-vita-quotidiana-e-il-tempo-libero,,,Marrone,,S,,,,39.95,65.95
giacca-da-donna-con-cappuccio-per-la-vita-quotidiana-e-il-tempo-libero,,,Marrone,,M,,,,39.95,65.95
giacca-da-donna-con-cappuccio-per-la-vita-quotidiana-e-il-tempo-libero,,,Marrone,,L,,,,39.95,65.95
giacca-da-donna-con-cappuccio-per-la-vita-quotidiana-e-il-tempo-libero,,,Marrone,,XL,,,,39.95,65.95
giacca-da-donna-con-cappuccio-per-la-vita-quotidiana-e-il-tempo-libero,,,Marrone,,2XL,,,,39.95,65.95
giacca-da-donna-con-cappuccio-per-la-vita-quotidiana-e-il-tempo-libero,,,Marrone,,3XL,,,,39.95,65.95
giacca-da-donna-con-cappuccio-per-la-vita-quotidiana-e-il-tempo-libero,,,Verde,,S,,,,39.95,65.95
giacca-da-donna-con-cappuccio-per-la-vita-quotidiana-e-il-tempo-libero,,,Verde,,M,,,,39.95,65.95
giacca-da-donna-con-cappuccio-per-la-vita-quotidiana-e-il-tempo-libero,,,Verde,,L,,,,39.95,65.95
giacca-da-donna-con-cappuccio-per-la-vita-quotidiana-e-il-tempo-libero,,,Verde,,XL,,,,39.95,65.95
giacca-da-donna-con-cappuccio-per-la-vita-quotidiana-e-il-tempo-libero,,,Verde,,2XL,,,,39.95,65.95
giacca-da-donna-con-cappuccio-per-la-vita-quotidiana-e-il-tempo-libero,,,Verde,,3XL,,,,39.95,65.95
giacca-da-donna-con-cappuccio-per-la-vita-quotidiana-e-il-tempo-libero,,,Beige,,S,,,,39.95,65.95
giacca-da-donna-con-cappuccio-per-la-vita-quotidiana-e-il-tempo-libero,,,Beige,,M,,,,39.95,65.95
giacca-da-donna-con-cappuccio-per-la-vita-quotidiana-e-il-tempo-libero,,,Beige,,L,,,,39.95,65.95
giacca-da-donna-con-cappuccio-per-la-vita-quotidiana-e-il-tempo-libero,,,Beige,,XL,,,,39.95,65.95
giacca-da-donna-con-cappuccio-per-la-vita-quotidiana-e-il-tempo-libero,,,Beige,,2XL,,,,39.95,65.95
giacca-da-donna-con-cappuccio-per-la-vita-quotidiana-e-il-tempo-libero,,,Beige,,3XL,,,,39.95,65.95
giacca-da-donna-con-cappuccio-per-la-vita-quotidiana-e-il-tempo-libero,,,Nero,,S,,,,39.95,65.95
giacca-da-donna-con-cappuccio-per-la-vita-quotidiana-e-il-tempo-libero,,,Nero,,M,,,,39.95,65.95
giacca-da-donna-con-cappuccio-per-la-vita-quotidiana-e-il-tempo-libero,,,Nero,,L,,,,39.95,65.95
giacca-da-donna-con-cappuccio-per-la-vita-quotidiana-e-il-tempo-libero,,,Nero,,XL,,,,39.95,65.95
giacca-da-donna-con-cappuccio-per-la-vita-quotidiana-e-il-tempo-libero,,,Nero,,2XL,,,,39.95,65.95
giacca-da-donna-con-cappuccio-per-la-vita-quotidiana-e-il-tempo-libero,,,Nero,,3XL,,,,39.95,65.95
parka-da-donna-per-le-fredde-giornate-invernali,Parka da Donna per le Fredde Giornate Invernali,Colore,Verde,Taglia,S,,,,99.95,165.95
parka-da-donna-per-le-fredde-giornate-invernali,,,Verde,,M,,,,99.95,165.95
parka-da-donna-per-le-fredde-giornate-invernali,,,Verde,,L,,,,99.95,165.95
parka-da-donna-per-le-fredde-giornate-invernali,,,Verde,,XL,,,,99.95,165.95
parka-da-donna-per-le-fredde-giornate-invernali,,,Verde,,2XL,,,,99.95,165.95
parka-da-donna-per-le-fredde-giornate-invernali,,,Verde,,3XL,,,,99.95,165.95
parka-da-donna-per-le-fredde-giornate-invernali,,,Nero,,S,,,,99.95,165.95
parka-da-donna-per-le-fredde-giornate-invernali,,,Nero,,M,,,,99.95,165.95
parka-da-donna-per-le-fredde-giornate-invernali,,,Nero,,L,,,,99.95,165.95
parka-da-donna-per-le-fredde-giornate-invernali,,,Nero,,XL,,,,99.95,165.95
parka-da-donna-per-le-fredde-giornate-invernali,,,Nero,,2XL,,,,99.95,165.95
parka-da-donna-per-le-fredde-giornate-invernali,,,Nero,,3XL,,,,99.95,165.95
parka-da-donna-per-le-fredde-giornate-invernali,,,Giallo,,S,,,,99.95,165.95
parka-da-donna-per-le-fredde-giornate-invernali,,,Giallo,,M,,,,99.95,165.95
parka-da-donna-per-le-fredde-giornate-invernali,,,Giallo,,L,,,,99.95,165.95
parka-da-donna-per-le-fredde-giornate-invernali,,,Giallo,,XL,,,,99.95,165.95
parka-da-donna-per-le-fredde-giornate-invernali,,,Giallo,,2XL,,,,99.95,165.95
parka-da-donna-per-le-fredde-giornate-invernali,,,Giallo,,3XL,,,,99.95,165.95
decollete-donna-dalla-linea-elegante-per-occasioni-serali,Décolleté Donna dalla Linea Elegante per Occasioni Serali,Colore,Nero,Taglia,36,,,,59.95,98.95
decollete-donna-dalla-linea-elegante-per-occasioni-serali,,,Nero,,37,,,,59.95,98.95
decollete-donna-dalla-linea-elegante-per-occasioni-serali,,,Nero,,38,,,,59.95,98.95
decollete-donna-dalla-linea-elegante-per-occasioni-serali,,,Nero,,39,,,,59.95,98.95
decollete-donna-dalla-linea-elegante-per-occasioni-serali,,,Nero,,40,,,,59.95,98.95
decollete-donna-dalla-linea-elegante-per-occasioni-serali,,,Nero,,41,,,,59.95,98.95
decollete-donna-dalla-linea-elegante-per-occasioni-serali,,,Nero,,42,,,,59.95,98.95
completo-uomo-con-felpa-e-pantaloni,Completo Uomo con Felpa e Pantaloni,Colore,Blu cielo,Taglia,S,,,,59.95,98.95
completo-uomo-con-felpa-e-pantaloni,,,Blu cielo,,M,,,,59.95,98.95
completo-uomo-con-felpa-e-pantaloni,,,Blu cielo,,L,,,,59.95,98.95
completo-uomo-con-felpa-e-pantaloni,,,Blu cielo,,XL,,,,59.95,98.95
completo-uomo-con-felpa-e-pantaloni,,,Blu cielo,,2XL,,,,59.95,98.95
completo-uomo-con-felpa-e-pantaloni,,,Blu cielo,,3XL,,,,59.95,98.95
completo-uomo-con-felpa-e-pantaloni,,,Nero,,S,,,,59.95,98.95
completo-uomo-con-felpa-e-pantaloni,,,Nero,,M,,,,59.95,98.95
completo-uomo-con-felpa-e-pantaloni,,,Nero,,L,,,,59.95,98.95
completo-uomo-con-felpa-e-pantaloni,,,Nero,,XL,,,,59.95,98.95
completo-uomo-con-felpa-e-pantaloni,,,Nero,,2XL,,,,59.95,98.95
completo-uomo-con-felpa-e-pantaloni,,,Nero,,3XL,,,,59.95,98.95
completo-uomo-con-felpa-e-pantaloni,,,Beige,,S,,,,59.95,98.95
completo-uomo-con-felpa-e-pantaloni,,,Beige,,M,,,,59.95,98.95
completo-uomo-con-felpa-e-pantaloni,,,Beige,,L,,,,59.95,98.95
completo-uomo-con-felpa-e-pantaloni,,,Beige,,XL,,,,59.95,98.95
completo-uomo-con-felpa-e-pantaloni,,,Beige,,2XL,,,,59.95,98.95
completo-uomo-con-felpa-e-pantaloni,,,Beige,,3XL,,,,59.95,98.95
completo-uomo-con-felpa-e-pantaloni,,,Blu scuro,,S,,,,59.95,98.95
completo-uomo-con-felpa-e-pantaloni,,,Blu scuro,,M,,,,59.95,98.95
completo-uomo-con-felpa-e-pantaloni,,,Blu scuro,,L,,,,59.95,98.95
completo-uomo-con-felpa-e-pantaloni,,,Blu scuro,,XL,,,,59.95,98.95
completo-uomo-con-felpa-e-pantaloni,,,Blu scuro,,2XL,,,,59.95,98.95
completo-uomo-con-felpa-e-pantaloni,,,Blu scuro,,3XL,,,,59.95,98.95
completo-uomo-con-felpa-e-pantaloni,,,Grigio,,S,,,,59.95,98.95
completo-uomo-con-felpa-e-pantaloni,,,Grigio,,M,,,,59.95,98.95
completo-uomo-con-felpa-e-pantaloni,,,Grigio,,L,,,,59.95,98.95
completo-uomo-con-felpa-e-pantaloni,,,Grigio,,XL,,,,59.95,98.95
completo-uomo-con-felpa-e-pantaloni,,,Grigio,,2XL,,,,59.95,98.95
completo-uomo-con-felpa-e-pantaloni,,,Grigio,,3XL,,,,59.95,98.95
completo-uomo-con-felpa-e-pantaloni,,,Verde,,S,,,,59.95,98.95
completo-uomo-con-felpa-e-pantaloni,,,Verde,,M,,,,59.95,98.95
completo-uomo-con-felpa-e-pantaloni,,,Verde,,L,,,,59.95,98.95
completo-uomo-con-felpa-e-pantaloni,,,Verde,,XL,,,,59.95,98.95
completo-uomo-con-felpa-e-pantaloni,,,Verde,,2XL,,,,59.95,98.95
completo-uomo-con-felpa-e-pantaloni,,,Verde,,3XL,,,,59.95,98.95
pantaloni-uomo-per-attivita-sportive,Pantaloni Uomo per Attività Sportive,Colour,Blue,Size,S,,,,99.95,165.95
pantaloni-uomo-per-attivita-sportive,,,Blue,,M,,,,99.95,165.95
pantaloni-uomo-per-attivita-sportive,,,Blue,,L,,,,99.95,165.95
pantaloni-uomo-per-attivita-sportive,,,Blue,,XL,,,,99.95,165.95
pantaloni-uomo-per-attivita-sportive,,,Blue,,2XL,,,,99.95,165.95
pantaloni-uomo-per-attivita-sportive,,,Blue,,3XL,,,,99.95,165.95
pantaloni-uomo-per-attivita-sportive,,,Black,,S,,,,99.95,165.95
pantaloni-uomo-per-attivita-sportive,,,Black,,M,,,,99.95,165.95
pantaloni-uomo-per-attivita-sportive,,,Black,,L,,,,99.95,165.95
pantaloni-uomo-per-attivita-sportive,,,Black,,XL,,,,99.95,165.95
pantaloni-uomo-per-attivita-sportive,,,Black,,2XL,,,,99.95,165.95
pantaloni-uomo-per-attivita-sportive,,,Black,,3XL,,,,99.95,165.95
pantaloni-uomo-per-attivita-sportive,,,Green,,S,,,,99.95,165.95
pantaloni-uomo-per-attivita-sportive,,,Green,,M,,,,99.95,165.95
pantaloni-uomo-per-attivita-sportive,,,Green,,L,,,,99.95,165.95
pantaloni-uomo-per-attivita-sportive,,,Green,,XL,,,,99.95,165.95
pantaloni-uomo-per-attivita-sportive,,,Green,,2XL,,,,99.95,165.95
pantaloni-uomo-per-attivita-sportive,,,Green,,3XL,,,,99.95,165.95
pantaloni-uomo-per-attivita-sportive,,,Beige,,S,,,,99.95,165.95
pantaloni-uomo-per-attivita-sportive,,,Beige,,M,,,,99.95,165.95
pantaloni-uomo-per-attivita-sportive,,,Beige,,L,,,,99.95,165.95
pantaloni-uomo-per-attivita-sportive,,,Beige,,XL,,,,99.95,165.95
pantaloni-uomo-per-attivita-sportive,,,Beige,,2XL,,,,99.95,165.95
pantaloni-uomo-per-attivita-sportive,,,Beige,,3XL,,,,99.95,165.95
pantaloni-uomo-per-attivita-sportive,,,Red,,S,,,,99.95,165.95
pantaloni-uomo-per-attivita-sportive,,,Red,,M,,,,99.95,165.95
pantaloni-uomo-per-attivita-sportive,,,Red,,L,,,,99.95,165.95
pantaloni-uomo-per-attivita-sportive,,,Red,,XL,,,,99.95,165.95
pantaloni-uomo-per-attivita-sportive,,,Red,,2XL,,,,99.95,165.95
pantaloni-uomo-per-attivita-sportive,,,Red,,3XL,,,,99.95,165.95
giacca-uomo-con-cappuccio-per-giornate-invernali,Giacca Uomo con Cappuccio per Giornate Invernali,Colore,Marrone,Taglia,S,,,,59.95,98.95
giacca-uomo-con-cappuccio-per-giornate-invernali,,,Marrone,,M,,,,59.95,98.95
giacca-uomo-con-cappuccio-per-giornate-invernali,,,Marrone,,L,,,,59.95,98.95
giacca-uomo-con-cappuccio-per-giornate-invernali,,,Marrone,,XL,,,,59.95,98.95
giacca-uomo-con-cappuccio-per-giornate-invernali,,,Marrone,,2XL,,,,59.95,98.95
giacca-uomo-con-cappuccio-per-giornate-invernali,,,Marrone,,3XL,,,,59.95,98.95
giacca-uomo-con-cappuccio-per-giornate-invernali,,,Verde Salvia,,S,,,,59.95,98.95
giacca-uomo-con-cappuccio-per-giornate-invernali,,,Verde Salvia,,M,,,,59.95,98.95
giacca-uomo-con-cappuccio-per-giornate-invernali,,,Verde Salvia,,L,,,,59.95,98.95
giacca-uomo-con-cappuccio-per-giornate-invernali,,,Verde Salvia,,XL,,,,59.95,98.95
giacca-uomo-con-cappuccio-per-giornate-invernali,,,Verde Salvia,,2XL,,,,59.95,98.95
giacca-uomo-con-cappuccio-per-giornate-invernali,,,Verde Salvia,,3XL,,,,59.95,98.95
giacca-uomo-con-cappuccio-per-giornate-invernali,,,Grigio,,S,,,,59.95,98.95
giacca-uomo-con-cappuccio-per-giornate-invernali,,,Grigio,,M,,,,59.95,98.95
giacca-uomo-con-cappuccio-per-giornate-invernali,,,Grigio,,L,,,,59.95,98.95
giacca-uomo-con-cappuccio-per-giornate-invernali,,,Grigio,,XL,,,,59.95,98.95
giacca-uomo-con-cappuccio-per-giornate-invernali,,,Grigio,,2XL,,,,59.95,98.95
giacca-uomo-con-cappuccio-per-giornate-invernali,,,Grigio,,3XL,,,,59.95,98.95
giacca-uomo-con-cappuccio-per-giornate-invernali,,,Blu,,S,,,,59.95,98.95
giacca-uomo-con-cappuccio-per-giornate-invernali,,,Blu,,M,,,,59.95,98.95
giacca-uomo-con-cappuccio-per-giornate-invernali,,,Blu,,L,,,,59.95,98.95
giacca-uomo-con-cappuccio-per-giornate-invernali,,,Blu,,XL,,,,59.95,98.95
giacca-uomo-con-cappuccio-per-giornate-invernali,,,Blu,,2XL,,,,59.95,98.95
giacca-uomo-con-cappuccio-per-giornate-invernali,,,Blu,,3XL,,,,59.95,98.95
cardigan-da-uomo-con-collo-a-scialle,Cardigan da Uomo con Collo a Scialle,Colore,Cachi,Taglia,M,,,,54.95,78.95
cardigan-da-uomo-con-collo-a-scialle,,,Cachi,,L,,,,54.95,78.95
cardigan-da-uomo-con-collo-a-scialle,,,Cachi,,XL,,,,54.95,78.95
cardigan-da-uomo-con-collo-a-scialle,,,Cachi,,2XL,,,,54.95,78.95
cardigan-da-uomo-con-collo-a-scialle,,,Grigio,,M,,,,54.95,78.95
cardigan-da-uomo-con-collo-a-scialle,,,Grigio,,L,,,,54.95,78.95
cardigan-da-uomo-con-collo-a-scialle,,,Grigio,,XL,,,,54.95,78.95
cardigan-da-uomo-con-collo-a-scialle,,,Grigio,,2XL,,,,54.95,78.95
cardigan-da-uomo-con-collo-a-scialle,,,Marrone,,M,,,,54.95,78.95
cardigan-da-uomo-con-collo-a-scialle,,,Marrone,,L,,,,54.95,78.95
cardigan-da-uomo-con-collo-a-scialle,,,Marrone,,XL,,,,54.95,78.95
cardigan-da-uomo-con-collo-a-scialle,,,Marrone,,2XL,,,,54.95,78.95
cardigan-da-uomo-con-collo-a-scialle,,,Nero,,M,,,,54.95,78.95
cardigan-da-uomo-con-collo-a-scialle,,,Nero,,L,,,,54.95,78.95
cardigan-da-uomo-con-collo-a-scialle,,,Nero,,XL,,,,54.95,78.95
cardigan-da-uomo-con-collo-a-scialle,,,Nero,,2XL,,,,54.95,78.95
jeans-donna-a-gamba-ampia-per-uso-quotidiano,Jeans Donna a Gamba Ampia per Uso Quotidiano,Colore,Blu,Taglia,S,,,,39.95,57.95
jeans-donna-a-gamba-ampia-per-uso-quotidiano,,,Blu,,M,,,,39.95,57.95
jeans-donna-a-gamba-ampia-per-uso-quotidiano,,,Blu,,L,,,,39.95,57.95
jeans-donna-a-gamba-ampia-per-uso-quotidiano,,,Blu,,XL,,,,39.95,57.95
jeans-donna-a-gamba-ampia-per-uso-quotidiano,,,Blu,,2XL,,,,39.95,57.95
jeans-donna-a-gamba-ampia-per-uso-quotidiano,,,Blu,,3XL,,,,39.95,57.95
completo-da-donna-per-il-tempo-libero-e-luso-quotidiano,Completo da donna per il tempo libero e l'uso quotidiano,Colore,Nero,Taglia,S,,,,59.95,85.95
completo-da-donna-per-il-tempo-libero-e-luso-quotidiano,,,Nero,,M,,,,59.95,85.95
completo-da-donna-per-il-tempo-libero-e-luso-quotidiano,,,Nero,,L,,,,59.95,85.95
completo-da-donna-per-il-tempo-libero-e-luso-quotidiano,,,Nero,,XL,,,,59.95,85.95
completo-da-donna-per-il-tempo-libero-e-luso-quotidiano,,,Nero,,2XL,,,,59.95,85.95
completo-da-donna-per-il-tempo-libero-e-luso-quotidiano,,,Nero,,3XL,,,,59.95,85.95
completo-da-donna-per-il-tempo-libero-e-luso-quotidiano,,,Lilla,,S,,,,59.95,85.95
completo-da-donna-per-il-tempo-libero-e-luso-quotidiano,,,Lilla,,M,,,,59.95,85.95
completo-da-donna-per-il-tempo-libero-e-luso-quotidiano,,,Lilla,,L,,,,59.95,85.95
completo-da-donna-per-il-tempo-libero-e-luso-quotidiano,,,Lilla,,XL,,,,59.95,85.95
completo-da-donna-per-il-tempo-libero-e-luso-quotidiano,,,Lilla,,2XL,,,,59.95,85.95
completo-da-donna-per-il-tempo-libero-e-luso-quotidiano,,,Lilla,,3XL,,,,59.95,85.95
completo-da-donna-per-il-tempo-libero-e-luso-quotidiano,,,Grigio,,S,,,,59.95,85.95
completo-da-donna-per-il-tempo-libero-e-luso-quotidiano,,,Grigio,,M,,,,59.95,85.95
completo-da-donna-per-il-tempo-libero-e-luso-quotidiano,,,Grigio,,L,,,,59.95,85.95
completo-da-donna-per-il-tempo-libero-e-luso-quotidiano,,,Grigio,,XL,,,,59.95,85.95
completo-da-donna-per-il-tempo-libero-e-luso-quotidiano,,,Grigio,,2XL,,,,59.95,85.95
completo-da-donna-per-il-tempo-libero-e-luso-quotidiano,,,Grigio,,3XL,,,,59.95,85.95
completo-da-donna-per-il-tempo-libero-e-luso-quotidiano,,,Blu,,S,,,,59.95,85.95
completo-da-donna-per-il-tempo-libero-e-luso-quotidiano,,,Blu,,M,,,,59.95,85.95
completo-da-donna-per-il-tempo-libero-e-luso-quotidiano,,,Blu,,L,,,,59.95,85.95
completo-da-donna-per-il-tempo-libero-e-luso-quotidiano,,,Blu,,XL,,,,59.95,85.95
completo-da-donna-per-il-tempo-libero-e-luso-quotidiano,,,Blu,,2XL,,,,59.95,85.95
completo-da-donna-per-il-tempo-libero-e-luso-quotidiano,,,Blu,,3XL,,,,59.95,85.95
completo-da-donna-per-il-tempo-libero-e-luso-quotidiano,,,Marrone,,S,,,,59.95,85.95
completo-da-donna-per-il-tempo-libero-e-luso-quotidiano,,,Marrone,,M,,,,59.95,85.95
completo-da-donna-per-il-tempo-libero-e-luso-quotidiano,,,Marrone,,L,,,,59.95,85.95
completo-da-donna-per-il-tempo-libero-e-luso-quotidiano,,,Marrone,,XL,,,,59.95,85.95
completo-da-donna-per-il-tempo-libero-e-luso-quotidiano,,,Marrone,,2XL,,,,59.95,85.95
completo-da-donna-per-il-tempo-libero-e-luso-quotidiano,,,Marrone,,3XL,,,,59.95,85.95
completo-da-donna-per-il-tempo-libero-e-luso-quotidiano,,,Beige,,S,,,,59.95,85.95
completo-da-donna-per-il-tempo-libero-e-luso-quotidiano,,,Beige,,M,,,,59.95,85.95
completo-da-donna-per-il-tempo-libero-e-luso-quotidiano,,,Beige,,L,,,,59.95,85.95
completo-da-donna-per-il-tempo-libero-e-luso-quotidiano,,,Beige,,XL,,,,59.95,85.95
completo-da-donna-per-il-tempo-libero-e-luso-quotidiano,,,Beige,,2XL,,,,59.95,85.95
completo-da-donna-per-il-tempo-libero-e-luso-quotidiano,,,Beige,,3XL,,,,59.95,85.95
giacca-donna-dal-taglio-biker,Giacca Donna dal Taglio Biker,Colore,Marrone,Taglia,S,,,,69.95,99.95
giacca-donna-dal-taglio-biker,,,Marrone,,M,,,,69.95,99.95
giacca-donna-dal-taglio-biker,,,Marrone,,L,,,,69.95,99.95
giacca-donna-dal-taglio-biker,,,Marrone,,XL,,,,69.95,99.95
giacca-donna-dal-taglio-biker,,,Marrone,,2XL,,,,69.95,99.95
giacca-donna-dal-taglio-biker,,,Marrone,,3XL,,,,69.95,99.95
giacca-donna-dal-taglio-biker,,,Viola,,S,,,,69.95,99.95
giacca-donna-dal-taglio-biker,,,Viola,,M,,,,69.95,99.95
giacca-donna-dal-taglio-biker,,,Viola,,L,,,,69.95,99.95
giacca-donna-dal-taglio-biker,,,Viola,,XL,,,,69.95,99.95
giacca-donna-dal-taglio-biker,,,Viola,,2XL,,,,69.95,99.95
giacca-donna-dal-taglio-biker,,,Viola,,3XL,,,,69.95,99.95
giacca-donna-dal-taglio-biker,,,Rosso,,S,,,,69.95,99.95
giacca-donna-dal-taglio-biker,,,Rosso,,M,,,,69.95,99.95
giacca-donna-dal-taglio-biker,,,Rosso,,L,,,,69.95,99.95
giacca-donna-dal-taglio-biker,,,Rosso,,XL,,,,69.95,99.95
giacca-donna-dal-taglio-biker,,,Rosso,,2XL,,,,69.95,99.95
giacca-donna-dal-taglio-biker,,,Rosso,,3XL,,,,69.95,99.95
giacca-donna-dal-taglio-biker,,,Nero,,S,,,,69.95,99.95
giacca-donna-dal-taglio-biker,,,Nero,,M,,,,69.95,99.95
giacca-donna-dal-taglio-biker,,,Nero,,L,,,,69.95,99.95
giacca-donna-dal-taglio-biker,,,Nero,,XL,,,,69.95,99.95
giacca-donna-dal-taglio-biker,,,Nero,,2XL,,,,69.95,99.95
giacca-donna-dal-taglio-biker,,,Nero,,3XL,,,,69.95,99.95
giacca-donna-dal-taglio-biker,,,Marrone Chiaro,,S,,,,69.95,99.95
giacca-donna-dal-taglio-biker,,,Marrone Chiaro,,M,,,,69.95,99.95
giacca-donna-dal-taglio-biker,,,Marrone Chiaro,,L,,,,69.95,99.95
giacca-donna-dal-taglio-biker,,,Marrone Chiaro,,XL,,,,69.95,99.95
giacca-donna-dal-taglio-biker,,,Marrone Chiaro,,2XL,,,,69.95,99.95
giacca-donna-dal-taglio-biker,,,Marrone Chiaro,,3XL,,,,69.95,99.95
jeans-cargo-da-uomo-slim-fit-per-uso-quotidiano,Jeans cargo da uomo slim fit per uso quotidiano,Colore,Blu,Taglia,S,,,,34.95,49.95
jeans-cargo-da-uomo-slim-fit-per-uso-quotidiano,,,Blu,,M,,,,34.95,49.95
jeans-cargo-da-uomo-slim-fit-per-uso-quotidiano,,,Blu,,L,,,,34.95,49.95
jeans-cargo-da-uomo-slim-fit-per-uso-quotidiano,,,Blu,,XL,,,,34.95,49.95
jeans-cargo-da-uomo-slim-fit-per-uso-quotidiano,,,Blu,,2XL,,,,34.95,49.95
jeans-cargo-da-uomo-slim-fit-per-uso-quotidiano,,,Blu,,3XL,,,,34.95,49.95
jeans-cargo-da-uomo-slim-fit-per-uso-quotidiano,,,Nero,,S,,,,34.95,49.95
jeans-cargo-da-uomo-slim-fit-per-uso-quotidiano,,,Nero,,M,,,,34.95,49.95
jeans-cargo-da-uomo-slim-fit-per-uso-quotidiano,,,Nero,,L,,,,34.95,49.95
jeans-cargo-da-uomo-slim-fit-per-uso-quotidiano,,,Nero,,XL,,,,34.95,49.95
jeans-cargo-da-uomo-slim-fit-per-uso-quotidiano,,,Nero,,2XL,,,,34.95,49.95
jeans-cargo-da-uomo-slim-fit-per-uso-quotidiano,,,Nero,,3XL,,,,34.95,49.95
jeans-cargo-da-uomo-slim-fit-per-uso-quotidiano,,,Grigio,,S,,,,34.95,49.95
jeans-cargo-da-uomo-slim-fit-per-uso-quotidiano,,,Grigio,,M,,,,34.95,49.95
jeans-cargo-da-uomo-slim-fit-per-uso-quotidiano,,,Grigio,,L,,,,34.95,49.95
jeans-cargo-da-uomo-slim-fit-per-uso-quotidiano,,,Grigio,,XL,,,,34.95,49.95
jeans-cargo-da-uomo-slim-fit-per-uso-quotidiano,,,Grigio,,2XL,,,,34.95,49.95
jeans-cargo-da-uomo-slim-fit-per-uso-quotidiano,,,Grigio,,3XL,,,,34.95,49.95
salopette-in-denim-da-uomo-per-uso-quotidiano,Salopette in denim da uomo per uso quotidiano,Colore,Blu scuro,Taglia,S,,,,49.95,71.95
salopette-in-denim-da-uomo-per-uso-quotidiano,,,Blu scuro,,M,,,,49.95,71.95
salopette-in-denim-da-uomo-per-uso-quotidiano,,,Blu scuro,,L,,,,49.95,71.95
salopette-in-denim-da-uomo-per-uso-quotidiano,,,Blu scuro,,XL,,,,49.95,71.95
salopette-in-denim-da-uomo-per-uso-quotidiano,,,Blu scuro,,2XL,,,,49.95,71.95
salopette-in-denim-da-uomo-per-uso-quotidiano,,,Blu scuro,,3XL,,,,49.95,71.95
salopette-in-denim-da-uomo-per-uso-quotidiano,,,Blu,,S,,,,49.95,71.95
salopette-in-denim-da-uomo-per-uso-quotidiano,,,Blu,,M,,,,49.95,71.95
salopette-in-denim-da-uomo-per-uso-quotidiano,,,Blu,,L,,,,49.95,71.95
salopette-in-denim-da-uomo-per-uso-quotidiano,,,Blu,,XL,,,,49.95,71.95
salopette-in-denim-da-uomo-per-uso-quotidiano,,,Blu,,2XL,,,,49.95,71.95
salopette-in-denim-da-uomo-per-uso-quotidiano,,,Blu,,3XL,,,,49.95,71.95
sneakers-alte-da-uomo-con-lacci-per-passeggiate-e-citta,Sneakers alte da uomo con lacci per passeggiate e città,Colore,Bianco,Taglia,39,,,,64.95,92.95
sneakers-alte-da-uomo-con-lacci-per-passeggiate-e-citta,,,Bianco,,40,,,,64.95,92.95
sneakers-alte-da-uomo-con-lacci-per-passeggiate-e-citta,,,Bianco,,41,,,,64.95,92.95
sneakers-alte-da-uomo-con-lacci-per-passeggiate-e-citta,,,Bianco,,42,,,,64.95,92.95
sneakers-alte-da-uomo-con-lacci-per-passeggiate-e-citta,,,Bianco,,43,,,,64.95,92.95
sneakers-alte-da-uomo-con-lacci-per-passeggiate-e-citta,,,Bianco,,44,,,,64.95,92.95
sneakers-alte-da-uomo-con-lacci-per-passeggiate-e-citta,,,Nero,,39,,,,64.95,92.95
sneakers-alte-da-uomo-con-lacci-per-passeggiate-e-citta,,,Nero,,40,,,,64.95,92.95
sneakers-alte-da-uomo-con-lacci-per-passeggiate-e-citta,,,Nero,,41,,,,54.95,78.95
sneakers-alte-da-uomo-con-lacci-per-passeggiate-e-citta,,,Nero,,42,,,,54.95,78.95
sneakers-alte-da-uomo-con-lacci-per-passeggiate-e-citta,,,Nero,,43,,,,54.95,78.95
sneakers-alte-da-uomo-con-lacci-per-passeggiate-e-citta,,,Nero,,44,,,,54.95,78.95
piumino-da-donna-per-giornate-invernali,Piumino da donna per giornate invernali,Colore,Blu Navy,Taglia,S,,,,69.95,99.95
piumino-da-donna-per-giornate-invernali,,,Blu Navy,,M,,,,69.95,99.95
piumino-da-donna-per-giornate-invernali,,,Blu Navy,,L,,,,69.95,99.95
piumino-da-donna-per-giornate-invernali,,,Blu Navy,,XL,,,,69.95,99.95
piumino-da-donna-per-giornate-invernali,,,Blu Navy,,2XL,,,,69.95,99.95
piumino-da-donna-per-giornate-invernali,,,Blu Navy,,3XL,,,,69.95,99.95
piumino-da-donna-per-giornate-invernali,,,Giallo,,S,,,,69.95,99.95
piumino-da-donna-per-giornate-invernali,,,Giallo,,M,,,,69.95,99.95
piumino-da-donna-per-giornate-invernali,,,Giallo,,L,,,,69.95,99.95
piumino-da-donna-per-giornate-invernali,,,Giallo,,XL,,,,69.95,99.95
piumino-da-donna-per-giornate-invernali,,,Giallo,,2XL,,,,69.95,99.95
piumino-da-donna-per-giornate-invernali,,,Giallo,,3XL,,,,69.95,99.95
piumino-da-donna-per-giornate-invernali,,,Verde,,S,,,,69.95,99.95
piumino-da-donna-per-giornate-invernali,,,Verde,,M,,,,69.95,99.95
piumino-da-donna-per-giornate-invernali,,,Verde,,L,,,,69.95,99.95
piumino-da-donna-per-giornate-invernali,,,Verde,,XL,,,,69.95,99.95
piumino-da-donna-per-giornate-invernali,,,Verde,,2XL,,,,69.95,99.95
piumino-da-donna-per-giornate-invernali,,,Verde,,3XL,,,,69.95,99.95
piumino-da-donna-per-giornate-invernali,,,Beige,,S,,,,69.95,99.95
piumino-da-donna-per-giornate-invernali,,,Beige,,M,,,,69.95,99.95
piumino-da-donna-per-giornate-invernali,,,Beige,,L,,,,69.95,99.95
piumino-da-donna-per-giornate-invernali,,,Beige,,XL,,,,69.95,99.95
piumino-da-donna-per-giornate-invernali,,,Beige,,2XL,,,,69.95,99.95
piumino-da-donna-per-giornate-invernali,,,Beige,,3XL,,,,69.95,99.95
piumino-da-donna-per-giornate-invernali,,,Rosso,,S,,,,69.95,99.95
piumino-da-donna-per-giornate-invernali,,,Rosso,,M,,,,69.95,99.95
piumino-da-donna-per-giornate-invernali,,,Rosso,,L,,,,69.95,99.95
piumino-da-donna-per-giornate-invernali,,,Rosso,,XL,,,,69.95,99.95
piumino-da-donna-per-giornate-invernali,,,Rosso,,2XL,,,,69.95,99.95
piumino-da-donna-per-giornate-invernali,,,Rosso,,3XL,,,,69.95,99.95
piumino-da-donna-per-giornate-invernali,,,Nero,,S,,,,69.95,99.95
piumino-da-donna-per-giornate-invernali,,,Nero,,M,,,,69.95,99.95
piumino-da-donna-per-giornate-invernali,,,Nero,,L,,,,69.95,99.95
piumino-da-donna-per-giornate-invernali,,,Nero,,XL,,,,69.95,99.95
piumino-da-donna-per-giornate-invernali,,,Nero,,2XL,,,,69.95,99.95
piumino-da-donna-per-giornate-invernali,,,Nero,,3XL,,,,69.95,99.95
completo-elegante-da-uomo-per-cerimonie-e-occasioni-formali,Completo elegante da uomo per cerimonie e occasioni formali,Colore,Verde,Taglia,S,,,,89.95,128.95
completo-elegante-da-uomo-per-cerimonie-e-occasioni-formali,,,Verde,,M,,,,89.95,128.95
completo-elegante-da-uomo-per-cerimonie-e-occasioni-formali,,,Verde,,L,,,,89.95,128.95
completo-elegante-da-uomo-per-cerimonie-e-occasioni-formali,,,Verde,,XL,,,,89.95,128.95
completo-elegante-da-uomo-per-cerimonie-e-occasioni-formali,,,Verde,,2XL,,,,89.95,128.95
completo-elegante-da-uomo-per-cerimonie-e-occasioni-formali,,,Verde,,3XL,,,,89.95,128.95
completo-elegante-da-uomo-per-cerimonie-e-occasioni-formali,,,Beige,,S,,,,89.95,128.95
completo-elegante-da-uomo-per-cerimonie-e-occasioni-formali,,,Beige,,M,,,,89.95,128.95
completo-elegante-da-uomo-per-cerimonie-e-occasioni-formali,,,Beige,,L,,,,89.95,128.95
completo-elegante-da-uomo-per-cerimonie-e-occasioni-formali,,,Beige,,XL,,,,89.95,128.95
completo-elegante-da-uomo-per-cerimonie-e-occasioni-formali,,,Beige,,2XL,,,,89.95,128.95
completo-elegante-da-uomo-per-cerimonie-e-occasioni-formali,,,Beige,,3XL,,,,89.95,128.95
completo-elegante-da-uomo-per-cerimonie-e-occasioni-formali,,,Blu,,S,,,,89.95,128.95
completo-elegante-da-uomo-per-cerimonie-e-occasioni-formali,,,Blu,,M,,,,89.95,128.95
completo-elegante-da-uomo-per-cerimonie-e-occasioni-formali,,,Blu,,L,,,,89.95,128.95
completo-elegante-da-uomo-per-cerimonie-e-occasioni-formali,,,Blu,,XL,,,,89.95,128.95
completo-elegante-da-uomo-per-cerimonie-e-occasioni-formali,,,Blu,,2XL,,,,89.95,128.95
completo-elegante-da-uomo-per-cerimonie-e-occasioni-formali,,,Blu,,3XL,,,,89.95,128.95
giacca-da-uomo-per-le-giornate-dautunno,Giacca da Uomo per le Giornate d'Autunno,Colore,Verde,Taglia,S,,,,74.95,107.95
giacca-da-uomo-per-le-giornate-dautunno,,,Verde,,M,,,,74.95,107.95
giacca-da-uomo-per-le-giornate-dautunno,,,Verde,,L,,,,74.95,107.95
giacca-da-uomo-per-le-giornate-dautunno,,,Verde,,XL,,,,74.95,107.95
giacca-da-uomo-per-le-giornate-dautunno,,,Verde,,2XL,,,,74.95,107.95
giacca-da-uomo-per-le-giornate-dautunno,,,Verde,,3XL,,,,74.95,107.95
giacca-da-uomo-per-le-giornate-dautunno,,,Grigio,,S,,,,74.95,107.95
giacca-da-uomo-per-le-giornate-dautunno,,,Grigio,,M,,,,74.95,107.95
giacca-da-uomo-per-le-giornate-dautunno,,,Grigio,,L,,,,74.95,107.95
giacca-da-uomo-per-le-giornate-dautunno,,,Grigio,,XL,,,,74.95,107.95
giacca-da-uomo-per-le-giornate-dautunno,,,Grigio,,2XL,,,,74.95,107.95
giacca-da-uomo-per-le-giornate-dautunno,,,Grigio,,3XL,,,,74.95,107.95
giacca-da-uomo-per-le-giornate-dautunno,,,Marrone,,S,,,,74.95,107.95
giacca-da-uomo-per-le-giornate-dautunno,,,Marrone,,M,,,,74.95,107.95
giacca-da-uomo-per-le-giornate-dautunno,,,Marrone,,L,,,,74.95,107.95
giacca-da-uomo-per-le-giornate-dautunno,,,Marrone,,XL,,,,74.95,107.95
giacca-da-uomo-per-le-giornate-dautunno,,,Marrone,,2XL,,,,74.95,107.95
giacca-da-uomo-per-le-giornate-dautunno,,,Marrone,,3XL,,,,74.95,107.95
giacca-da-uomo-per-le-giornate-dautunno,,,Nero,,S,,,,74.95,107.95
giacca-da-uomo-per-le-giornate-dautunno,,,Nero,,M,,,,74.95,107.95
giacca-da-uomo-per-le-giornate-dautunno,,,Nero,,L,,,,74.95,107.95
giacca-da-uomo-per-le-giornate-dautunno,,,Nero,,XL,,,,74.95,107.95
giacca-da-uomo-per-le-giornate-dautunno,,,Nero,,2XL,,,,74.95,107.95
giacca-da-uomo-per-le-giornate-dautunno,,,Nero,,3XL,,,,74.95,107.95
giacca-da-uomo-per-le-giornate-dautunno,,,Rosso,,S,,,,74.95,107.95
giacca-da-uomo-per-le-giornate-dautunno,,,Rosso,,M,,,,74.95,107.95
giacca-da-uomo-per-le-giornate-dautunno,,,Rosso,,L,,,,74.95,107.95
giacca-da-uomo-per-le-giornate-dautunno,,,Rosso,,XL,,,,74.95,107.95
giacca-da-uomo-per-le-giornate-dautunno,,,Rosso,,2XL,,,,74.95,107.95
giacca-da-uomo-per-le-giornate-dautunno,,,Rosso,,3XL,,,,74.95,107.95
completo-sportivo-da-uomo-con-felpa-e-pantaloni,Completo sportivo da uomo con felpa e pantaloni,Colore,Grigio scuro,Taglia,S,,,,49.95,71.95
completo-sportivo-da-uomo-con-felpa-e-pantaloni,,,Grigio scuro,,M,,,,49.95,71.95
completo-sportivo-da-uomo-con-felpa-e-pantaloni,,,Grigio scuro,,L,,,,49.95,71.95
completo-sportivo-da-uomo-con-felpa-e-pantaloni,,,Grigio scuro,,XL,,,,49.95,71.95
completo-sportivo-da-uomo-con-felpa-e-pantaloni,,,Grigio scuro,,2XL,,,,49.95,71.95
completo-sportivo-da-uomo-con-felpa-e-pantaloni,,,Grigio scuro,,3XL,,,,49.95,71.95
completo-sportivo-da-uomo-con-felpa-e-pantaloni,,,Bianco,,S,,,,49.95,71.95
completo-sportivo-da-uomo-con-felpa-e-pantaloni,,,Bianco,,M,,,,49.95,71.95
completo-sportivo-da-uomo-con-felpa-e-pantaloni,,,Bianco,,L,,,,49.95,71.95
completo-sportivo-da-uomo-con-felpa-e-pantaloni,,,Bianco,,XL,,,,49.95,71.95
completo-sportivo-da-uomo-con-felpa-e-pantaloni,,,Bianco,,2XL,,,,49.95,71.95
completo-sportivo-da-uomo-con-felpa-e-pantaloni,,,Bianco,,3XL,,,,49.95,71.95
completo-sportivo-da-uomo-con-felpa-e-pantaloni,,,Rosso,,S,,,,49.95,71.95
completo-sportivo-da-uomo-con-felpa-e-pantaloni,,,Rosso,,M,,,,49.95,71.95
completo-sportivo-da-uomo-con-felpa-e-pantaloni,,,Rosso,,L,,,,49.95,71.95
completo-sportivo-da-uomo-con-felpa-e-pantaloni,,,Rosso,,XL,,,,49.95,71.95
completo-sportivo-da-uomo-con-felpa-e-pantaloni,,,Rosso,,2XL,,,,49.95,71.95
completo-sportivo-da-uomo-con-felpa-e-pantaloni,,,Rosso,,3XL,,,,49.95,71.95
completo-sportivo-da-uomo-con-felpa-e-pantaloni,,,Blu,,S,,,,49.95,71.95
completo-sportivo-da-uomo-con-felpa-e-pantaloni,,,Blu,,M,,,,49.95,71.95
completo-sportivo-da-uomo-con-felpa-e-pantaloni,,,Blu,,L,,,,49.95,71.95
completo-sportivo-da-uomo-con-felpa-e-pantaloni,,,Blu,,XL,,,,49.95,71.95
completo-sportivo-da-uomo-con-felpa-e-pantaloni,,,Blu,,2XL,,,,49.95,71.95
completo-sportivo-da-uomo-con-felpa-e-pantaloni,,,Blu,,3XL,,,,49.95,71.95
completo-sportivo-da-uomo-con-felpa-e-pantaloni,,,Nero,,S,,,,49.95,71.95
completo-sportivo-da-uomo-con-felpa-e-pantaloni,,,Nero,,M,,,,49.95,71.95
completo-sportivo-da-uomo-con-felpa-e-pantaloni,,,Nero,,L,,,,49.95,71.95
completo-sportivo-da-uomo-con-felpa-e-pantaloni,,,Nero,,XL,,,,49.95,71.95
completo-sportivo-da-uomo-con-felpa-e-pantaloni,,,Nero,,2XL,,,,49.95,71.95
completo-sportivo-da-uomo-con-felpa-e-pantaloni,,,Nero,,3XL,,,,49.95,71.95
completo-da-donna-per-occasioni-quotidiane,Completo da Donna per Occasioni Quotidiane,Colore,Marrone,Taglia,S,,,,59.95,85.95
completo-da-donna-per-occasioni-quotidiane,,,Marrone,,M,,,,59.95,85.95
completo-da-donna-per-occasioni-quotidiane,,,Marrone,,L,,,,59.95,85.95
completo-da-donna-per-occasioni-quotidiane,,,Marrone,,XL,,,,59.95,85.95
completo-da-donna-per-occasioni-quotidiane,,,Marrone,,2XL,,,,59.95,85.95
completo-da-donna-per-occasioni-quotidiane,,,Marrone,,3XL,,,,59.95,85.95
completo-da-donna-per-occasioni-quotidiane,,,Blu,,S,,,,59.95,85.95
completo-da-donna-per-occasioni-quotidiane,,,Blu,,M,,,,59.95,85.95
completo-da-donna-per-occasioni-quotidiane,,,Blu,,L,,,,59.95,85.95
completo-da-donna-per-occasioni-quotidiane,,,Blu,,XL,,,,59.95,85.95
completo-da-donna-per-occasioni-quotidiane,,,Blu,,2XL,,,,59.95,85.95
completo-da-donna-per-occasioni-quotidiane,,,Blu,,3XL,,,,59.95,85.95
completo-da-donna-per-occasioni-quotidiane,,,Giallo,,S,,,,59.95,85.95
completo-da-donna-per-occasioni-quotidiane,,,Giallo,,M,,,,59.95,85.95
completo-da-donna-per-occasioni-quotidiane,,,Giallo,,L,,,,59.95,85.95
completo-da-donna-per-occasioni-quotidiane,,,Giallo,,XL,,,,59.95,85.95
completo-da-donna-per-occasioni-quotidiane,,,Giallo,,2XL,,,,59.95,85.95
completo-da-donna-per-occasioni-quotidiane,,,Giallo,,3XL,,,,59.95,85.95
completo-da-donna-per-occasioni-quotidiane,,,Blu navy,,S,,,,59.95,85.95
completo-da-donna-per-occasioni-quotidiane,,,Blu navy,,M,,,,59.95,85.95
completo-da-donna-per-occasioni-quotidiane,,,Blu navy,,L,,,,59.95,85.95
completo-da-donna-per-occasioni-quotidiane,,,Blu navy,,XL,,,,59.95,85.95
completo-da-donna-per-occasioni-quotidiane,,,Blu navy,,2XL,,,,59.95,85.95
completo-da-donna-per-occasioni-quotidiane,,,Blu navy,,3XL,,,,59.95,85.95
completo-da-donna-per-occasioni-quotidiane,,,Rosso,,S,,,,59.95,85.95
completo-da-donna-per-occasioni-quotidiane,,,Rosso,,M,,,,59.95,85.95
completo-da-donna-per-occasioni-quotidiane,,,Rosso,,L,,,,59.95,85.95
completo-da-donna-per-occasioni-quotidiane,,,Rosso,,XL,,,,59.95,85.95
completo-da-donna-per-occasioni-quotidiane,,,Rosso,,2XL,,,,59.95,85.95
completo-da-donna-per-occasioni-quotidiane,,,Rosso,,3XL,,,,59.95,85.95
completo-da-donna-per-occasioni-quotidiane,,,Nero,,S,,,,59.95,85.95
completo-da-donna-per-occasioni-quotidiane,,,Nero,,M,,,,59.95,85.95
completo-da-donna-per-occasioni-quotidiane,,,Nero,,L,,,,59.95,85.95
completo-da-donna-per-occasioni-quotidiane,,,Nero,,XL,,,,59.95,85.95
completo-da-donna-per-occasioni-quotidiane,,,Nero,,2XL,,,,59.95,85.95
completo-da-donna-per-occasioni-quotidiane,,,Nero,,3XL,,,,59.95,85.95
completo-da-donna-per-occasioni-quotidiane,,,Bianco,,S,,,,59.95,85.95
completo-da-donna-per-occasioni-quotidiane,,,Bianco,,M,,,,59.95,85.95
completo-da-donna-per-occasioni-quotidiane,,,Bianco,,L,,,,59.95,85.95
completo-da-donna-per-occasioni-quotidiane,,,Bianco,,XL,,,,59.95,85.95
completo-da-donna-per-occasioni-quotidiane,,,Bianco,,2XL,,,,59.95,85.95
completo-da-donna-per-occasioni-quotidiane,,,Bianco,,3XL,,,,59.95,85.95
camicia-da-uomo-per-occasioni-eleganti-e-luso-quotidiano,Camicia da uomo per occasioni eleganti e l'uso quotidiano,Colore,Grigio,Taglia,S,,,,35.95,51.95
camicia-da-uomo-per-occasioni-eleganti-e-luso-quotidiano,,,Grigio,,M,,,,35.95,51.95
camicia-da-uomo-per-occasioni-eleganti-e-luso-quotidiano,,,Grigio,,L,,,,35.95,51.95
camicia-da-uomo-per-occasioni-eleganti-e-luso-quotidiano,,,Grigio,,XL,,,,35.95,51.95
camicia-da-uomo-per-occasioni-eleganti-e-luso-quotidiano,,,Grigio,,2XL,,,,35.95,51.95
camicia-da-uomo-per-occasioni-eleganti-e-luso-quotidiano,,,Grigio,,3XL,,,,35.95,51.95
camicia-da-uomo-per-occasioni-eleganti-e-luso-quotidiano,,,Bordeaux,,S,,,,35.95,51.95
camicia-da-uomo-per-occasioni-eleganti-e-luso-quotidiano,,,Bordeaux,,M,,,,35.95,51.95
camicia-da-uomo-per-occasioni-eleganti-e-luso-quotidiano,,,Bordeaux,,L,,,,35.95,51.95
camicia-da-uomo-per-occasioni-eleganti-e-luso-quotidiano,,,Bordeaux,,XL,,,,35.95,51.95
camicia-da-uomo-per-occasioni-eleganti-e-luso-quotidiano,,,Bordeaux,,2XL,,,,35.95,51.95
camicia-da-uomo-per-occasioni-eleganti-e-luso-quotidiano,,,Bordeaux,,3XL,,,,35.95,51.95
camicia-da-uomo-per-occasioni-eleganti-e-luso-quotidiano,,,Verde,,S,,,,35.95,51.95
camicia-da-uomo-per-occasioni-eleganti-e-luso-quotidiano,,,Verde,,M,,,,35.95,51.95
camicia-da-uomo-per-occasioni-eleganti-e-luso-quotidiano,,,Verde,,L,,,,35.95,51.95
camicia-da-uomo-per-occasioni-eleganti-e-luso-quotidiano,,,Verde,,XL,,,,35.95,51.95
camicia-da-uomo-per-occasioni-eleganti-e-luso-quotidiano,,,Verde,,2XL,,,,35.95,51.95
camicia-da-uomo-per-occasioni-eleganti-e-luso-quotidiano,,,Verde,,3XL,,,,35.95,51.95
camicia-da-uomo-per-occasioni-eleganti-e-luso-quotidiano,,,Bianco,,S,,,,35.95,51.95
camicia-da-uomo-per-occasioni-eleganti-e-luso-quotidiano,,,Bianco,,M,,,,35.95,51.95
camicia-da-uomo-per-occasioni-eleganti-e-luso-quotidiano,,,Bianco,,L,,,,35.95,51.95
camicia-da-uomo-per-occasioni-eleganti-e-luso-quotidiano,,,Bianco,,XL,,,,35.95,51.95
camicia-da-uomo-per-occasioni-eleganti-e-luso-quotidiano,,,Bianco,,2XL,,,,35.95,51.95
camicia-da-uomo-per-occasioni-eleganti-e-luso-quotidiano,,,Bianco,,3XL,,,,35.95,51.95
camicia-da-uomo-per-occasioni-eleganti-e-luso-quotidiano,,,Blu navy,,S,,,,35.95,51.95
camicia-da-uomo-per-occasioni-eleganti-e-luso-quotidiano,,,Blu navy,,M,,,,35.95,51.95
camicia-da-uomo-per-occasioni-eleganti-e-luso-quotidiano,,,Blu navy,,L,,,,35.95,51.95
camicia-da-uomo-per-occasioni-eleganti-e-luso-quotidiano,,,Blu navy,,XL,,,,35.95,51.95
camicia-da-uomo-per-occasioni-eleganti-e-luso-quotidiano,,,Blu navy,,2XL,,,,35.95,51.95
camicia-da-uomo-per-occasioni-eleganti-e-luso-quotidiano,,,Blu navy,,3XL,,,,35.95,51.95
camicia-da-uomo-per-occasioni-eleganti-e-luso-quotidiano,,,Nero,,S,,,,35.95,51.95
camicia-da-uomo-per-occasioni-eleganti-e-luso-quotidiano,,,Nero,,M,,,,35.95,51.95
camicia-da-uomo-per-occasioni-eleganti-e-luso-quotidiano,,,Nero,,L,,,,35.95,51.95
camicia-da-uomo-per-occasioni-eleganti-e-luso-quotidiano,,,Nero,,XL,,,,35.95,51.95
camicia-da-uomo-per-occasioni-eleganti-e-luso-quotidiano,,,Nero,,2XL,,,,35.95,51.95
camicia-da-uomo-per-occasioni-eleganti-e-luso-quotidiano,,,Nero,,3XL,,,,35.95,51.95
camicia-da-uomo-per-occasioni-eleganti-e-luso-quotidiano,,,Azzurro chiaro,,S,,,,35.95,51.95
camicia-da-uomo-per-occasioni-eleganti-e-luso-quotidiano,,,Azzurro chiaro,,M,,,,35.95,51.95
camicia-da-uomo-per-occasioni-eleganti-e-luso-quotidiano,,,Azzurro chiaro,,L,,,,35.95,51.95
camicia-da-uomo-per-occasioni-eleganti-e-luso-quotidiano,,,Azzurro chiaro,,XL,,,,35.95,51.95
camicia-da-uomo-per-occasioni-eleganti-e-luso-quotidiano,,,Azzurro chiaro,,2XL,,,,35.95,51.95
camicia-da-uomo-per-occasioni-eleganti-e-luso-quotidiano,,,Azzurro chiaro,,3XL,,,,35.95,51.95
scarpe-da-uomo-per-occasioni-eleganti-e-cerimonie,Scarpe da uomo per occasioni eleganti e cerimonie,Colore,Schwarz,Taglia,39,,,,49.95,71.95
scarpe-da-uomo-per-occasioni-eleganti-e-cerimonie,,,Schwarz,,40,,,,49.95,71.95
scarpe-da-uomo-per-occasioni-eleganti-e-cerimonie,,,Schwarz,,41,,,,49.95,71.95
scarpe-da-uomo-per-occasioni-eleganti-e-cerimonie,,,Schwarz,,42,,,,49.95,71.95
scarpe-da-uomo-per-occasioni-eleganti-e-cerimonie,,,Schwarz,,43,,,,49.95,71.95
scarpe-da-uomo-per-occasioni-eleganti-e-cerimonie,,,Schwarz,,44,,,,49.95,71.95
scarpe-da-uomo-per-occasioni-eleganti-e-cerimonie,,,Blau,,39,,,,49.95,71.95
scarpe-da-uomo-per-occasioni-eleganti-e-cerimonie,,,Blau,,40,,,,49.95,71.95
scarpe-da-uomo-per-occasioni-eleganti-e-cerimonie,,,Blau,,41,,,,49.95,71.95
scarpe-da-uomo-per-occasioni-eleganti-e-cerimonie,,,Blau,,42,,,,49.95,71.95
scarpe-da-uomo-per-occasioni-eleganti-e-cerimonie,,,Blau,,43,,,,49.95,71.95
scarpe-da-uomo-per-occasioni-eleganti-e-cerimonie,,,Blau,,44,,,,49.95,71.95
scarpe-da-uomo-per-occasioni-eleganti-e-cerimonie,,,Braun,,39,,,,49.95,71.95
scarpe-da-uomo-per-occasioni-eleganti-e-cerimonie,,,Braun,,40,,,,49.95,71.95
scarpe-da-uomo-per-occasioni-eleganti-e-cerimonie,,,Braun,,41,,,,49.95,71.95
scarpe-da-uomo-per-occasioni-eleganti-e-cerimonie,,,Braun,,42,,,,49.95,71.95
scarpe-da-uomo-per-occasioni-eleganti-e-cerimonie,,,Braun,,43,,,,49.95,71.95
scarpe-da-uomo-per-occasioni-eleganti-e-cerimonie,,,Braun,,44,,,,49.95,71.95
scarpe-da-uomo-per-occasioni-eleganti-e-cerimonie,,,Gelb,,39,,,,49.95,71.95
scarpe-da-uomo-per-occasioni-eleganti-e-cerimonie,,,Gelb,,40,,,,49.95,71.95
scarpe-da-uomo-per-occasioni-eleganti-e-cerimonie,,,Gelb,,41,,,,49.95,71.95
scarpe-da-uomo-per-occasioni-eleganti-e-cerimonie,,,Gelb,,42,,,,49.95,71.95
scarpe-da-uomo-per-occasioni-eleganti-e-cerimonie,,,Gelb,,43,,,,49.95,71.95
scarpe-da-uomo-per-occasioni-eleganti-e-cerimonie,,,Gelb,,44,,,,49.95,71.95
completo-da-uomo-con-giacca-e-pantaloni-per-tempo-libero,Completo da uomo con giacca e pantaloni per tempo libero,Colore,Nero,Taglia,S,,,,69.95,99.95
completo-da-uomo-con-giacca-e-pantaloni-per-tempo-libero,,,Nero,,M,,,,69.95,99.95
completo-da-uomo-con-giacca-e-pantaloni-per-tempo-libero,,,Nero,,L,,,,69.95,99.95
completo-da-uomo-con-giacca-e-pantaloni-per-tempo-libero,,,Nero,,XL,,,,69.95,99.95
completo-da-uomo-con-giacca-e-pantaloni-per-tempo-libero,,,Nero,,2XL,,,,69.95,99.95
completo-da-uomo-con-giacca-e-pantaloni-per-tempo-libero,,,Nero,,3XL,,,,69.95,99.95
completo-da-uomo-con-giacca-e-pantaloni-per-tempo-libero,,,Blu,,S,,,,69.95,99.95
completo-da-uomo-con-giacca-e-pantaloni-per-tempo-libero,,,Blu,,M,,,,69.95,99.95
completo-da-uomo-con-giacca-e-pantaloni-per-tempo-libero,,,Blu,,L,,,,69.95,99.95
completo-da-uomo-con-giacca-e-pantaloni-per-tempo-libero,,,Blu,,XL,,,,69.95,99.95
completo-da-uomo-con-giacca-e-pantaloni-per-tempo-libero,,,Blu,,2XL,,,,69.95,99.95
completo-da-uomo-con-giacca-e-pantaloni-per-tempo-libero,,,Blu,,3XL,,,,69.95,99.95
completo-sportivo-da-uomo-con-cappuccio,Completo sportivo da uomo con cappuccio,Colore,Grigio chiaro,Taglia,S,,,,49.95,71.95
completo-sportivo-da-uomo-con-cappuccio,,,Grigio chiaro,,M,,,,49.95,71.95
completo-sportivo-da-uomo-con-cappuccio,,,Grigio chiaro,,L,,,,49.95,71.95
completo-sportivo-da-uomo-con-cappuccio,,,Grigio chiaro,,XL,,,,49.95,71.95
completo-sportivo-da-uomo-con-cappuccio,,,Grigio chiaro,,2XL,,,,49.95,71.95
completo-sportivo-da-uomo-con-cappuccio,,,Grigio chiaro,,3XL,,,,49.95,71.95
completo-sportivo-da-uomo-con-cappuccio,,,Nero,,S,,,,49.95,71.95
completo-sportivo-da-uomo-con-cappuccio,,,Nero,,M,,,,49.95,71.95
completo-sportivo-da-uomo-con-cappuccio,,,Nero,,L,,,,49.95,71.95
completo-sportivo-da-uomo-con-cappuccio,,,Nero,,XL,,,,49.95,71.95
completo-sportivo-da-uomo-con-cappuccio,,,Nero,,2XL,,,,49.95,71.95
completo-sportivo-da-uomo-con-cappuccio,,,Nero,,3XL,,,,49.95,71.95
sneakers-da-donna-dal-design-casual-quotidiano,Sneakers da donna dal design casual quotidiano,Colore,Beige,Taglia,36,,,,79.95,114.95
sneakers-da-donna-dal-design-casual-quotidiano,,,Beige,,37,,,,79.95,114.95
sneakers-da-donna-dal-design-casual-quotidiano,,,Beige,,38,,,,79.95,114.95
sneakers-da-donna-dal-design-casual-quotidiano,,,Beige,,39,,,,79.95,114.95
sneakers-da-donna-dal-design-casual-quotidiano,,,Beige,,40,,,,79.95,114.95
sneakers-da-donna-dal-design-casual-quotidiano,,,Beige,,41,,,,79.95,114.95
sneakers-da-donna-dal-design-casual-quotidiano,,,Beige,,42,,,,79.95,114.95
sneakers-da-donna-dal-design-casual-quotidiano,,,Marrone,,36,,,,79.95,114.95
sneakers-da-donna-dal-design-casual-quotidiano,,,Marrone,,37,,,,79.95,114.95
sneakers-da-donna-dal-design-casual-quotidiano,,,Marrone,,38,,,,79.95,114.95
sneakers-da-donna-dal-design-casual-quotidiano,,,Marrone,,39,,,,79.95,114.95
sneakers-da-donna-dal-design-casual-quotidiano,,,Marrone,,40,,,,79.95,114.95
sneakers-da-donna-dal-design-casual-quotidiano,,,Marrone,,41,,,,79.95,114.95
sneakers-da-donna-dal-design-casual-quotidiano,,,Marrone,,42,,,,79.95,114.95
sneakers-da-donna-dal-design-casual-quotidiano,,,Nero,,36,,,,79.95,114.95
sneakers-da-donna-dal-design-casual-quotidiano,,,Nero,,37,,,,79.95,114.95
sneakers-da-donna-dal-design-casual-quotidiano,,,Nero,,38,,,,79.95,114.95
sneakers-da-donna-dal-design-casual-quotidiano,,,Nero,,39,,,,79.95,114.95
sneakers-da-donna-dal-design-casual-quotidiano,,,Nero,,40,,,,79.95,114.95
sneakers-da-donna-dal-design-casual-quotidiano,,,Nero,,41,,,,79.95,114.95
sneakers-da-donna-dal-design-casual-quotidiano,,,Nero,,42,,,,79.95,114.95
giacca-uomo-in-stile-biker,Giacca Uomo in Stile Biker,Colore,Verde,Taglia,S,,,,59.95,85.95
giacca-uomo-in-stile-biker,,,Verde,,M,,,,59.95,85.95
giacca-uomo-in-stile-biker,,,Verde,,L,,,,59.95,85.95
giacca-uomo-in-stile-biker,,,Verde,,XL,,,,59.95,85.95
giacca-uomo-in-stile-biker,,,Verde,,XXL,,,,59.95,85.95
giacca-uomo-in-stile-biker,,,Verde,,3XL,,,,59.95,85.95
giacca-uomo-in-stile-biker,,,Nero,,S,,,,59.95,85.95
giacca-uomo-in-stile-biker,,,Nero,,M,,,,59.95,85.95
giacca-uomo-in-stile-biker,,,Nero,,L,,,,59.95,85.95
giacca-uomo-in-stile-biker,,,Nero,,XL,,,,59.95,85.95
giacca-uomo-in-stile-biker,,,Nero,,XXL,,,,59.95,85.95
giacca-uomo-in-stile-biker,,,Nero,,3XL,,,,59.95,85.95
giacca-uomo-in-stile-biker,,,Marrone,,S,,,,59.95,85.95
giacca-uomo-in-stile-biker,,,Marrone,,M,,,,59.95,85.95
giacca-uomo-in-stile-biker,,,Marrone,,L,,,,59.95,85.95
giacca-uomo-in-stile-biker,,,Marrone,,XL,,,,59.95,85.95
giacca-uomo-in-stile-biker,,,Marrone,,XXL,,,,59.95,85.95
giacca-uomo-in-stile-biker,,,Marrone,,3XL,,,,59.95,85.95
giubbotto-da-uomo-stile-bomber,Giubbotto da Uomo Stile Bomber,Colore,Nero,Taglia,S,,,,49.95,71.95
giubbotto-da-uomo-stile-bomber,,,Nero,,M,,,,49.95,71.95
giubbotto-da-uomo-stile-bomber,,,Nero,,L,,,,49.95,71.95
giubbotto-da-uomo-stile-bomber,,,Nero,,XL,,,,49.95,71.95
giubbotto-da-uomo-stile-bomber,,,Nero,,2XL,,,,49.95,71.95
giubbotto-da-uomo-stile-bomber,,,Nero,,3XL,,,,49.95,71.95
giubbotto-da-uomo-stile-bomber,,,Verde,,S,,,,49.95,71.95
giubbotto-da-uomo-stile-bomber,,,Verde,,M,,,,49.95,71.95
giubbotto-da-uomo-stile-bomber,,,Verde,,L,,,,49.95,71.95
giubbotto-da-uomo-stile-bomber,,,Verde,,XL,,,,49.95,71.95
giubbotto-da-uomo-stile-bomber,,,Verde,,2XL,,,,49.95,71.95
giubbotto-da-uomo-stile-bomber,,,Verde,,3XL,,,,49.95,71.95
abito-midi-da-donna-per-la-primavera-e-l-estate,Abito midi da donna per la primavera e l’estate,Colore,Rosa,Taglia,S,,,,39.95,57.95
abito-midi-da-donna-per-la-primavera-e-l-estate,,,Rosa,,M,,,,39.95,57.95
abito-midi-da-donna-per-la-primavera-e-l-estate,,,Rosa,,L,,,,39.95,57.95
abito-midi-da-donna-per-la-primavera-e-l-estate,,,Rosa,,XL,,,,39.95,57.95
abito-midi-da-donna-per-la-primavera-e-l-estate,,,Rosa,,2XL,,,,39.95,57.95
abito-midi-da-donna-per-la-primavera-e-l-estate,,,Rosa,,3XL,,,,39.95,57.95
abito-midi-da-donna-per-la-primavera-e-l-estate,,,Verde,,S,,,,39.95,57.95
abito-midi-da-donna-per-la-primavera-e-l-estate,,,Blu,,S,,,,39.95,57.95
abito-midi-da-donna-per-la-primavera-e-l-estate,,,Verde,,M,,,,39.95,57.95
abito-midi-da-donna-per-la-primavera-e-l-estate,,,Blu,,M,,,,39.95,57.95
abito-midi-da-donna-per-la-primavera-e-l-estate,,,Verde,,L,,,,39.95,57.95
abito-midi-da-donna-per-la-primavera-e-l-estate,,,Blu,,L,,,,39.95,57.95
abito-midi-da-donna-per-la-primavera-e-l-estate,,,Blu,,XL,,,,39.95,57.95
abito-midi-da-donna-per-la-primavera-e-l-estate,,,Verde,,XL,,,,39.95,57.95
abito-midi-da-donna-per-la-primavera-e-l-estate,,,Verde,,2XL,,,,39.95,57.95
abito-midi-da-donna-per-la-primavera-e-l-estate,,,Blu,,2XL,,,,39.95,57.95
abito-midi-da-donna-per-la-primavera-e-l-estate,,,Verde,,3XL,,,,39.95,57.95
abito-midi-da-donna-per-la-primavera-e-l-estate,,,Blu,,3XL,,,,39.95,57.95
giacca-bomber-donna-dal-taglio-moderno,Giacca Bomber Donna dal Taglio Moderno,Colore,Nero,Taglia,S,,,,49.95,71.95
giacca-bomber-donna-dal-taglio-moderno,,,Nero,,M,,,,49.95,71.95
giacca-bomber-donna-dal-taglio-moderno,,,Nero,,L,,,,49.95,71.95
giacca-bomber-donna-dal-taglio-moderno,,,Nero,,2XL,,,,49.95,71.95
giacca-bomber-donna-dal-taglio-moderno,,,Nero,,3XL,,,,49.95,71.95
giacca-bomber-donna-dal-taglio-moderno,,,Rosso,,S,,,,49.95,71.95
giacca-bomber-donna-dal-taglio-moderno,,,Rosso,,M,,,,49.95,71.95
giacca-bomber-donna-dal-taglio-moderno,,,Rosso,,L,,,,49.95,71.95
giacca-bomber-donna-dal-taglio-moderno,,,Rosso,,2XL,,,,49.95,71.95
giacca-bomber-donna-dal-taglio-moderno,,,Rosso,,3XL,,,,49.95,71.95
giacca-bomber-donna-dal-taglio-moderno,,,Verde,,S,,,,49.95,71.95
giacca-bomber-donna-dal-taglio-moderno,,,Verde,,M,,,,49.95,71.95
giacca-bomber-donna-dal-taglio-moderno,,,Verde,,L,,,,49.95,71.95
giacca-bomber-donna-dal-taglio-moderno,,,Verde,,2XL,,,,49.95,71.95
giacca-bomber-donna-dal-taglio-moderno,,,Verde,,3XL,,,,49.95,71.95
cappotto-da-donna-per-la-stagione-fredda-1,Cappotto da Donna per la Stagione Fredda,Colore,Nero,Taglia,S,,,,59.95,85.95
cappotto-da-donna-per-la-stagione-fredda-1,,,Nero,,M,,,,59.95,85.95
cappotto-da-donna-per-la-stagione-fredda-1,,,Nero,,L,,,,59.95,85.95
cappotto-da-donna-per-la-stagione-fredda-1,,,Nero,,XL,,,,59.95,85.95
cappotto-da-donna-per-la-stagione-fredda-1,,,Nero,,2XL,,,,59.95,85.95
cappotto-da-donna-per-la-stagione-fredda-1,,,Nero,,3XL,,,,59.95,85.95
cappotto-da-donna-per-la-stagione-fredda-1,,,Blu scuro,,S,,,,59.95,85.95
cappotto-da-donna-per-la-stagione-fredda-1,,,Blu scuro,,M,,,,59.95,85.95
cappotto-da-donna-per-la-stagione-fredda-1,,,Blu scuro,,L,,,,59.95,85.95
cappotto-da-donna-per-la-stagione-fredda-1,,,Blu scuro,,XL,,,,59.95,85.95
cappotto-da-donna-per-la-stagione-fredda-1,,,Blu scuro,,2XL,,,,59.95,85.95
cappotto-da-donna-per-la-stagione-fredda-1,,,Blu scuro,,3XL,,,,59.95,85.95
cappotto-da-donna-per-la-stagione-fredda-1,,,Rosso scuro,,S,,,,59.95,85.95
cappotto-da-donna-per-la-stagione-fredda-1,,,Rosso scuro,,M,,,,59.95,85.95
cappotto-da-donna-per-la-stagione-fredda-1,,,Rosso scuro,,L,,,,59.95,85.95
cappotto-da-donna-per-la-stagione-fredda-1,,,Rosso scuro,,XL,,,,59.95,85.95
cappotto-da-donna-per-la-stagione-fredda-1,,,Rosso scuro,,2XL,,,,59.95,85.95
cappotto-da-donna-per-la-stagione-fredda-1,,,Rosso scuro,,3XL,,,,59.95,85.95
sneakers-da-uomo-con-lacci-per-uso-quotidiano,Sneakers da uomo per passeggiate e tempo libero,Colore,Bianco,Taglia,39,,,,44.95,64.95
sneakers-da-uomo-con-lacci-per-uso-quotidiano,,,Bianco,,40,,,,44.95,64.95
sneakers-da-uomo-con-lacci-per-uso-quotidiano,,,Bianco,,41,,,,44.95,64.95
sneakers-da-uomo-con-lacci-per-uso-quotidiano,,,Bianco,,42,,,,44.95,64.95
sneakers-da-uomo-con-lacci-per-uso-quotidiano,,,Bianco,,43,,,,44.95,64.95
sneakers-da-uomo-con-lacci-per-uso-quotidiano,,,Bianco,,44,,,,44.95,64.95
sneakers-da-uomo-con-lacci-per-uso-quotidiano,,,Nero,,39,,,,44.95,64.95
sneakers-da-uomo-con-lacci-per-uso-quotidiano,,,Nero,,40,,,,44.95,64.95
sneakers-da-uomo-con-lacci-per-uso-quotidiano,,,Nero,,41,,,,44.95,64.95
sneakers-da-uomo-con-lacci-per-uso-quotidiano,,,Nero,,42,,,,44.95,64.95
sneakers-da-uomo-con-lacci-per-uso-quotidiano,,,Nero,,43,,,,44.95,64.95
sneakers-da-uomo-con-lacci-per-uso-quotidiano,,,Nero,,44,,,,44.95,64.95
sneakers-da-uomo-con-lacci-per-uso-quotidiano,,,Beige,,39,,,,44.95,64.95
sneakers-da-uomo-con-lacci-per-uso-quotidiano,,,Beige,,40,,,,44.95,64.95
sneakers-da-uomo-con-lacci-per-uso-quotidiano,,,Beige,,41,,,,44.95,64.95
sneakers-da-uomo-con-lacci-per-uso-quotidiano,,,Beige,,42,,,,44.95,64.95
sneakers-da-uomo-con-lacci-per-uso-quotidiano,,,Beige,,43,,,,44.95,64.95
sneakers-da-uomo-con-lacci-per-uso-quotidiano,,,Beige,,44,,,,44.95,64.95
zoccoli-da-donna-per-giornate-quotidiane,Zoccoli da donna per giornate quotidiane,Colore,Marrone,Taglia,36,,,,34.95,49.95
zoccoli-da-donna-per-giornate-quotidiane,,,Marrone,,37,,,,34.95,49.95
zoccoli-da-donna-per-giornate-quotidiane,,,Marrone,,38,,,,34.95,49.95
zoccoli-da-donna-per-giornate-quotidiane,,,Marrone,,39,,,,34.95,49.95
zoccoli-da-donna-per-giornate-quotidiane,,,Marrone,,40,,,,34.95,49.95
zoccoli-da-donna-per-giornate-quotidiane,,,Marrone,,41,,,,34.95,49.95
zoccoli-da-donna-per-giornate-quotidiane,,,Marrone,,42,,,,34.95,49.95
zoccoli-da-donna-per-giornate-quotidiane,,,Nero,,36,,,,34.95,49.95
zoccoli-da-donna-per-giornate-quotidiane,,,Nero,,37,,,,34.95,49.95
zoccoli-da-donna-per-giornate-quotidiane,,,Nero,,38,,,,34.95,49.95
zoccoli-da-donna-per-giornate-quotidiane,,,Nero,,39,,,,34.95,49.95
zoccoli-da-donna-per-giornate-quotidiane,,,Nero,,40,,,,34.95,49.95
zoccoli-da-donna-per-giornate-quotidiane,,,Nero,,41,,,,34.95,49.95
zoccoli-da-donna-per-giornate-quotidiane,,,Nero,,42,,,,34.95,49.95
zoccoli-da-donna-per-giornate-quotidiane,,,Verde,,36,,,,34.95,49.95
zoccoli-da-donna-per-giornate-quotidiane,,,Verde,,37,,,,34.95,49.95
zoccoli-da-donna-per-giornate-quotidiane,,,Verde,,38,,,,34.95,49.95
zoccoli-da-donna-per-giornate-quotidiane,,,Verde,,39,,,,34.95,49.95
zoccoli-da-donna-per-giornate-quotidiane,,,Verde,,40,,,,34.95,49.95
zoccoli-da-donna-per-giornate-quotidiane,,,Verde,,41,,,,34.95,49.95
zoccoli-da-donna-per-giornate-quotidiane,,,Verde,,42,,,,34.95,49.95
zoccoli-da-donna-per-giornate-quotidiane,,,Rosso,,36,,,,34.95,49.95
zoccoli-da-donna-per-giornate-quotidiane,,,Rosso,,37,,,,34.95,49.95
zoccoli-da-donna-per-giornate-quotidiane,,,Rosso,,38,,,,34.95,49.95
zoccoli-da-donna-per-giornate-quotidiane,,,Rosso,,39,,,,34.95,49.95
zoccoli-da-donna-per-giornate-quotidiane,,,Rosso,,40,,,,34.95,49.95
zoccoli-da-donna-per-giornate-quotidiane,,,Rosso,,41,,,,34.95,49.95
zoccoli-da-donna-per-giornate-quotidiane,,,Rosso,,42,,,,34.95,49.95
zoccoli-da-donna-per-giornate-quotidiane,,,Blu,,36,,,,34.95,49.95
zoccoli-da-donna-per-giornate-quotidiane,,,Blu,,37,,,,34.95,49.95
zoccoli-da-donna-per-giornate-quotidiane,,,Blu,,38,,,,34.95,49.95
zoccoli-da-donna-per-giornate-quotidiane,,,Blu,,39,,,,34.95,49.95
zoccoli-da-donna-per-giornate-quotidiane,,,Blu,,40,,,,34.95,49.95
zoccoli-da-donna-per-giornate-quotidiane,,,Blu,,41,,,,34.95,49.95
zoccoli-da-donna-per-giornate-quotidiane,,,Blu,,42,,,,34.95,49.95
pantaloni-da-uomo-con-pieghe-e-gamba-ampia,Pantaloni da uomo con pieghe e gamba ampia,Colore,Marrone chiaro,Taglia,S,,,,39.95,57.95
pantaloni-da-uomo-con-pieghe-e-gamba-ampia,,,Marrone chiaro,,M,,,,39.95,57.95
pantaloni-da-uomo-con-pieghe-e-gamba-ampia,,,Marrone chiaro,,L,,,,39.95,57.95
pantaloni-da-uomo-con-pieghe-e-gamba-ampia,,,Marrone chiaro,,XL,,,,39.95,57.95
pantaloni-da-uomo-con-pieghe-e-gamba-ampia,,,Marrone chiaro,,2XL,,,,39.95,57.95
pantaloni-da-uomo-con-pieghe-e-gamba-ampia,,,Marrone chiaro,,3XL,,,,39.95,57.95
pantaloni-da-uomo-con-pieghe-e-gamba-ampia,,,Nero,,S,,,,39.95,57.95
pantaloni-da-uomo-con-pieghe-e-gamba-ampia,,,Nero,,M,,,,39.95,57.95
pantaloni-da-uomo-con-pieghe-e-gamba-ampia,,,Nero,,L,,,,39.95,57.95
pantaloni-da-uomo-con-pieghe-e-gamba-ampia,,,Nero,,XL,,,,39.95,57.95
pantaloni-da-uomo-con-pieghe-e-gamba-ampia,,,Nero,,2XL,,,,39.95,57.95
pantaloni-da-uomo-con-pieghe-e-gamba-ampia,,,Nero,,3XL,,,,39.95,57.95
pantaloni-da-uomo-con-pieghe-e-gamba-ampia,,,Grigio,,S,,,,39.95,57.95
pantaloni-da-uomo-con-pieghe-e-gamba-ampia,,,Grigio,,M,,,,39.95,57.95
pantaloni-da-uomo-con-pieghe-e-gamba-ampia,,,Grigio,,L,,,,39.95,57.95
pantaloni-da-uomo-con-pieghe-e-gamba-ampia,,,Grigio,,XL,,,,39.95,57.95
pantaloni-da-uomo-con-pieghe-e-gamba-ampia,,,Grigio,,2XL,,,,39.95,57.95
pantaloni-da-uomo-con-pieghe-e-gamba-ampia,,,Grigio,,3XL,,,,39.95,57.95
gilet-da-uomo-per-il-tempo-libero,Gilet da uomo per il tempo libero,Colore,Nero,Taglia,M,,,,39.95,57.95
gilet-da-uomo-per-il-tempo-libero,,,Nero,,L,,,,39.95,57.95
gilet-da-uomo-per-il-tempo-libero,,,Nero,,XL,,,,39.95,57.95
gilet-da-uomo-per-il-tempo-libero,,,Nero,,2XL,,,,39.95,57.95
gilet-da-uomo-per-il-tempo-libero,,,Nero,,3XL,,,,39.95,57.95
gilet-da-uomo-per-il-tempo-libero,,,Nero,,4XL,,,,39.95,57.95
gilet-da-uomo-per-il-tempo-libero,,,Blu,,M,,,,39.95,57.95
gilet-da-uomo-per-il-tempo-libero,,,Blu,,L,,,,39.95,57.95
gilet-da-uomo-per-il-tempo-libero,,,Blu,,XL,,,,39.95,57.95
gilet-da-uomo-per-il-tempo-libero,,,Blu,,2XL,,,,39.95,57.95
gilet-da-uomo-per-il-tempo-libero,,,Blu,,3XL,,,,39.95,57.95
gilet-da-uomo-per-il-tempo-libero,,,Blu,,4XL,,,,39.95,57.95
gilet-da-uomo-per-il-tempo-libero,,,Azzurro chiaro,,M,,,,39.95,57.95
gilet-da-uomo-per-il-tempo-libero,,,Azzurro chiaro,,L,,,,39.95,57.95
gilet-da-uomo-per-il-tempo-libero,,,Azzurro chiaro,,XL,,,,39.95,57.95
gilet-da-uomo-per-il-tempo-libero,,,Azzurro chiaro,,2XL,,,,39.95,57.95
gilet-da-uomo-per-il-tempo-libero,,,Azzurro chiaro,,3XL,,,,39.95,57.95
gilet-da-uomo-per-il-tempo-libero,,,Azzurro chiaro,,4XL,,,,39.95,57.95
giacca-da-uomo-per-periodi-di-transizione,Giacca da Uomo per Periodi di Transizione,Couleur,Beige,Taille,M,,,,49.95,71.95
giacca-da-uomo-per-periodi-di-transizione,,,Beige,,L,,,,49.95,71.95
giacca-da-uomo-per-periodi-di-transizione,,,Beige,,XL,,,,49.95,71.95
giacca-da-uomo-per-periodi-di-transizione,,,Beige,,2XL,,,,49.95,71.95
giacca-da-uomo-per-periodi-di-transizione,,,Beige,,3XL,,,,49.95,71.95
giacca-da-uomo-per-periodi-di-transizione,,,Brun,,M,,,,49.95,71.95
giacca-da-uomo-per-periodi-di-transizione,,,Brun,,L,,,,49.95,71.95
giacca-da-uomo-per-periodi-di-transizione,,,Brun,,XL,,,,49.95,71.95
giacca-da-uomo-per-periodi-di-transizione,,,Brun,,2XL,,,,49.95,71.95
giacca-da-uomo-per-periodi-di-transizione,,,Brun,,3XL,,,,49.95,71.95
giacca-da-uomo-per-periodi-di-transizione,,,Vert,,M,,,,49.95,71.95
giacca-da-uomo-per-periodi-di-transizione,,,Vert,,L,,,,49.95,71.95
giacca-da-uomo-per-periodi-di-transizione,,,Vert,,XL,,,,49.95,71.95
giacca-da-uomo-per-periodi-di-transizione,,,Vert,,2XL,,,,49.95,71.95
giacca-da-uomo-per-periodi-di-transizione,,,Vert,,3XL,,,,49.95,71.95
giacca-da-uomo-per-periodi-di-transizione,,,Brun foncé,,M,,,,49.95,71.95
giacca-da-uomo-per-periodi-di-transizione,,,Brun foncé,,L,,,,49.95,71.95
giacca-da-uomo-per-periodi-di-transizione,,,Brun foncé,,XL,,,,49.95,71.95
giacca-da-uomo-per-periodi-di-transizione,,,Brun foncé,,2XL,,,,49.95,71.95
giacca-da-uomo-per-periodi-di-transizione,,,Brun foncé,,3XL,,,,49.95,71.95
