Handle,Title,Option1 Name,Option1 Value,Option2 Name,Option2 Value,Option3 Name,Option3 Value,Variant SKU,Variant Grams,Variant Inventory Tracker,Variant Inventory Policy,Variant Fulfillment Service,Variant Price,Variant Compare At Price,Variant Requires Shipping,Variant Taxable
damskie-wysokie-kozaki-z-paskiem-i-klamra,Damskie wysokie kozaki z paskiem i klamrą,Kolor,Ciemnobrązowy,Rozmiar,43,,,,0.0,shopify,continue,manual,219.95,,true,true
damskie-wysokie-kozaki-z-paskiem-i-klamra,,,Czarny,,43,,,,0.0,shopify,continue,manual,219.95,,true,true
damskie-wysokie-kozaki-z-paskiem-i-klamra,,,Granatowy,,43,,,,0.0,shopify,continue,manual,219.95,,true,true
damskie-wysokie-kozaki-z-paskiem-i-klamra,,,Zielony,,43,,,,0.0,shopify,continue,manual,219.95,,true,true
damskie-botki-sznurowane-na-slupku-z-klamra,Damskie botki sznurowane na słupku z klamrą,Kolor,Czarny,Rozmiar,43,,,,0.0,shopify,continue,manual,264.95,,true,true
damskie-botki-sznurowane-na-slupku-z-klamra,,,Brązowy,,43,,,,0.0,shopify,continue,manual,264.95,,true,true
damskie-botki-sznurowane-na-slupku-z-klamra,,,Zielony wojskowy,,43,,,,0.0,shopify,continue,manual,264.95,,true,true
damskie-botki-sznurowane-na-slupku-z-klamra,,,Granatowy,,43,,,,0.0,shopify,continue,manual,264.95,,true,true
damskie-botki-sznurowane-na-slupku-z-klamra,,,Biały,,43,,,,0.0,shopify,continue,manual,264.95,,true,true
damskie-sneakersy-sznurowane-na-grubszej-podeszwie,Damskie sneakersy sznurowane na grubszej podeszwie,Kolor,Biały,Rozmiar,43,,,,0.0,shopify,continue,manual,154.95,,true,true
damskie-sneakersy-sznurowane-na-grubszej-podeszwie,,,Czarny,,43,,,,0.0,shopify,continue,manual,154.95,,true,true
damskie-wysokie-kozaki-z-klamra-w-stylu-jezdzieckim,Damskie wysokie kozaki z klamrą w stylu jeździeckim,Kolor,Ciemnobrązowy,Rozmiar,43,,,,0.0,shopify,continue,manual,264.95,,true,true
damskie-wysokie-kozaki-z-klamra-w-stylu-jezdzieckim,,,Czarny,,43,,,,0.0,shopify,continue,manual,264.95,,true,true
damskie-wysokie-kozaki-z-klamra-w-stylu-jezdzieckim,,,Brązowy,,43,,,,0.0,shopify,continue,manual,264.95,,true,true
damskie-wysokie-kozaki-z-klamra-w-stylu-jezdzieckim,,,Zielony,,43,,,,0.0,shopify,continue,manual,264.95,,true,true
damskie-wysokie-kozaki-z-klamra-w-stylu-jezdzieckim,,,Niebieski,,43,,,,0.0,shopify,continue,manual,264.95,,true,true
damskie-sznurowane-botki-z-nadrukiem-kota,Damskie sznurowane botki z nadrukiem kota,Kolor,Pomarańczowy,Rozmiar,43,,,,0.0,shopify,continue,manual,199.95,,true,true
damskie-sznurowane-botki-z-nadrukiem-kota,,,Żółty,,43,,,,0.0,shopify,continue,manual,199.95,,true,true
damskie-sznurowane-botki-z-nadrukiem-kota,,,Szary,,43,,,,0.0,shopify,continue,manual,199.95,,true,true
damskie-sznurowane-botki-z-nadrukiem-kota,,,Niebieski,,43,,,,0.0,shopify,continue,manual,199.95,,true,true
damskie-sznurowane-botki-z-nadrukiem-kota,,,Czerwony,,43,,,,0.0,shopify,continue,manual,199.95,,true,true
damskie-botki-zimowe-z-zamkiem-i-ociepleniem,Damskie botki zimowe z zamkiem i ociepleniem,Kolor,Bordowy,Rozmiar,43,,,,0.0,shopify,continue,manual,154.95,,true,true
damskie-botki-zimowe-z-zamkiem-i-ociepleniem,,,Czarny,,43,,,,0.0,shopify,continue,manual,154.95,,true,true
damskie-botki-kowbojskie-z-fredzlami,Damskie botki kowbojskie z frędzlami,Kolor,Biały,Rozmiar,43,,,,0.0,shopify,continue,manual,244.95,,true,true
damskie-botki-kowbojskie-z-fredzlami,,,Miętowy,,43,,,,0.0,shopify,continue,manual,244.95,,true,true
damskie-klapki-japonki-na-niskim-obcasie,Damskie klapki japonki na niskim obcasie,Kolor,Czarny,Rozmiar,43,,,,0.0,shopify,continue,manual,179.95,,true,true
damskie-klapki-japonki-na-niskim-obcasie,,,Złoty,,43,,,,0.0,shopify,continue,manual,179.95,,true,true
damskie-klapki-japonki-na-niskim-obcasie,,,Beżowy,,43,,,,0.0,shopify,continue,manual,179.95,,true,true
damskie-klapki-japonki-na-niskim-obcasie,,,Biały,,43,,,,0.0,shopify,continue,manual,179.95,,true,true
damskie-klapki-japonki-na-niskim-obcasie,,,Brązowy,,43,,,,0.0,shopify,continue,manual,179.95,,true,true
meskie-botki-sznurowane-z-zamkiem-i-klamra,Męskie botki sznurowane z zamkiem i klamrą,Kolor,Czarny,Rozmiar,45,,,,0.0,shopify,continue,manual,299.95,,true,true
meskie-botki-sznurowane-z-zamkiem-i-klamra,,,Czarny,,46,,,,0.0,shopify,continue,manual,299.95,,true,true
meskie-botki-sznurowane-z-zamkiem-i-klamra,,,Ciemnobrązowy,,45,,,,0.0,shopify,continue,manual,299.95,,true,true
meskie-botki-sznurowane-z-zamkiem-i-klamra,,,Ciemnobrązowy,,46,,,,0.0,shopify,continue,manual,299.95,,true,true
meskie-botki-sznurowane-z-zamkiem-i-klamra,,,Brązowy,,45,,,,0.0,shopify,continue,manual,299.95,,true,true
meskie-botki-sznurowane-z-zamkiem-i-klamra,,,Brązowy,,46,,,,0.0,shopify,continue,manual,299.95,,true,true
damskie-botki-z-zamkiem-i-ozdobnym-sznurowaniem,Damskie botki z zamkiem i ozdobnym sznurowaniem,Kolor,Brązowy,Rozmiar,43,,,,0.0,shopify,continue,manual,154.95,,true,true
damskie-botki-z-zamkiem-i-ozdobnym-sznurowaniem,,,Czerwony,,43,,,,0.0,shopify,continue,manual,154.95,,true,true
damskie-botki-z-zamkiem-i-ozdobnym-sznurowaniem,,,Czarny,,43,,,,0.0,shopify,continue,manual,154.95,,true,true
damskie-botki-z-zamkiem-i-ozdobnym-sznurowaniem,,,Szary,,43,,,,0.0,shopify,continue,manual,154.95,,true,true
damskie-botki-z-zamkiem-i-ozdobnym-sznurowaniem,,,Niebieski,,43,,,,0.0,shopify,continue,manual,154.95,,true,true
damskie-botki-z-zamkiem-i-ozdobnym-sznurowaniem,,,Zielony,,43,,,,0.0,shopify,continue,manual,154.95,,true,true
meskie-zamszowe-mokasyny-wsuwane-na-co-dzien,Męskie zamszowe mokasyny wsuwane na co dzień,Kolor,Brązowy,Rozmiar,45,,,,0.0,shopify,continue,manual,209.95,,true,true
meskie-zamszowe-mokasyny-wsuwane-na-co-dzien,,,Brązowy,,46,,,,0.0,shopify,continue,manual,209.95,,true,true
meskie-zamszowe-mokasyny-wsuwane-na-co-dzien,,,Czarny,,45,,,,0.0,shopify,continue,manual,209.95,,true,true
meskie-zamszowe-mokasyny-wsuwane-na-co-dzien,,,Czarny,,46,,,,0.0,shopify,continue,manual,209.95,,true,true
meskie-zamszowe-mokasyny-wsuwane-na-co-dzien,,,Granatowy,,45,,,,0.0,shopify,continue,manual,209.95,,true,true
meskie-zamszowe-mokasyny-wsuwane-na-co-dzien,,,Granatowy,,46,,,,0.0,shopify,continue,manual,209.95,,true,true
meskie-zamszowe-mokasyny-wsuwane-na-co-dzien,,,Jasnobrązowy,,45,,,,0.0,shopify,continue,manual,209.95,,true,true
meskie-zamszowe-mokasyny-wsuwane-na-co-dzien,,,Jasnobrązowy,,46,,,,0.0,shopify,continue,manual,209.95,,true,true
meskie-zamszowe-mokasyny-wsuwane-na-co-dzien,,,Szary,,45,,,,0.0,shopify,continue,manual,209.95,,true,true
meskie-zamszowe-mokasyny-wsuwane-na-co-dzien,,,Szary,,46,,,,0.0,shopify,continue,manual,209.95,,true,true
meskie-zamszowe-mokasyny-wsuwane-na-co-dzien,,,Zielony,,45,,,,0.0,shopify,continue,manual,209.95,,true,true
meskie-zamszowe-mokasyny-wsuwane-na-co-dzien,,,Zielony,,46,,,,0.0,shopify,continue,manual,209.95,,true,true
meskie-zamszowe-mokasyny-wsuwane-na-co-dzien,,,Pomarańczowy,,45,,,,0.0,shopify,continue,manual,209.95,,true,true
meskie-zamszowe-mokasyny-wsuwane-na-co-dzien,,,Pomarańczowy,,46,,,,0.0,shopify,continue,manual,209.95,,true,true
meskie-zamszowe-mokasyny-wsuwane-na-co-dzien,,,Bordowy,,45,,,,0.0,shopify,continue,manual,209.95,,true,true
meskie-zamszowe-mokasyny-wsuwane-na-co-dzien,,,Bordowy,,46,,,,0.0,shopify,continue,manual,209.95,,true,true
meskie-kapcie-z-puszysta-wysciolka-do-domu,Męskie kapcie z puszystą wyściółką do domu,Kolor,Czarny,Rozmiar,45,,,,0.0,shopify,continue,manual,244.95,,true,true
meskie-kapcie-z-puszysta-wysciolka-do-domu,,,Czarny,,46,,,,0.0,shopify,continue,manual,244.95,,true,true
meskie-kapcie-z-puszysta-wysciolka-do-domu,,,Brązowy,,45,,,,0.0,shopify,continue,manual,244.95,,true,true
meskie-kapcie-z-puszysta-wysciolka-do-domu,,,Brązowy,,46,,,,0.0,shopify,continue,manual,244.95,,true,true
meskie-kapcie-z-puszysta-wysciolka-do-domu,,,Kawowy,,45,,,,0.0,shopify,continue,manual,244.95,,true,true
meskie-kapcie-z-puszysta-wysciolka-do-domu,,,Kawowy,,46,,,,0.0,shopify,continue,manual,244.95,,true,true
meskie-kapcie-z-puszysta-wysciolka-do-domu,,,Szary,,45,,,,0.0,shopify,continue,manual,244.95,,true,true
meskie-kapcie-z-puszysta-wysciolka-do-domu,,,Szary,,46,,,,0.0,shopify,continue,manual,244.95,,true,true
meskie-kapcie-z-puszysta-wysciolka-do-domu,,,Szaro-czarny,,45,,,,0.0,shopify,continue,manual,244.95,,true,true
meskie-kapcie-z-puszysta-wysciolka-do-domu,,,Szaro-czarny,,46,,,,0.0,shopify,continue,manual,244.95,,true,true
damskie-wysokie-kozaki-z-klamra-na-zime,Damskie wysokie kozaki z klamrą na zimę,Kolor,Ciemnobrązowy,Rozmiar,43,,,,0.0,shopify,continue,manual,289.95,,true,true
damskie-wysokie-kozaki-z-klamra-na-zime,,,Czarny,,43,,,,0.0,shopify,continue,manual,289.95,,true,true
damskie-wysokie-kozaki-z-klamra-na-zime,,,Fioletowy,,43,,,,0.0,shopify,continue,manual,289.95,,true,true
damskie-wysokie-kozaki-z-klamra-na-zime,,,Zielony,,43,,,,0.0,shopify,continue,manual,289.95,,true,true
meskie-eleganckie-polbuty-sznurowane-na-wesela-i-uroczystosci,Męskie eleganckie półbuty sznurowane na wesela i uroczystości,Kolor,Czarny,Rozmiar,45,,,,0.0,shopify,continue,manual,219.95,,true,true
meskie-eleganckie-polbuty-sznurowane-na-wesela-i-uroczystosci,,,Czarny,,46,,,,0.0,shopify,continue,manual,219.95,,true,true
meskie-eleganckie-polbuty-sznurowane-na-wesela-i-uroczystosci,,,Brązowy,,45,,,,0.0,shopify,continue,manual,219.95,,true,true
meskie-eleganckie-polbuty-sznurowane-na-wesela-i-uroczystosci,,,Brązowy,,46,,,,0.0,shopify,continue,manual,219.95,,true,true
meskie-eleganckie-polbuty-sznurowane-do-codziennych-stylizacji,Męskie eleganckie półbuty sznurowane do codziennych stylizacji,Kolor,Brązowy,Rozmiar,45,,,,0.0,shopify,continue,manual,264.95,,true,false
meskie-eleganckie-polbuty-sznurowane-do-codziennych-stylizacji,,,Brązowy,,46,,,,0.0,shopify,continue,manual,264.95,,true,false
meskie-eleganckie-polbuty-sznurowane-do-codziennych-stylizacji,,,Khaki,,45,,,,0.0,shopify,continue,manual,264.95,,true,false
meskie-eleganckie-polbuty-sznurowane-do-codziennych-stylizacji,,,Khaki,,46,,,,0.0,shopify,continue,manual,264.95,,true,false
meskie-eleganckie-polbuty-sznurowane-do-codziennych-stylizacji,,,Czarny,,45,,,,0.0,shopify,continue,manual,264.95,,true,false
meskie-eleganckie-polbuty-sznurowane-do-codziennych-stylizacji,,,Czarny,,46,,,,0.0,shopify,continue,manual,264.95,,true,false
meskie-sneakersy-sportowe-z-wygodna-podeszwa-na-co-dzien,Męskie sneakersy sportowe z wygodną podeszwą na co dzień,Kolor,Czarny,Rozmiar,45,,,,0.0,shopify,continue,manual,219.95,,true,false
meskie-sneakersy-sportowe-z-wygodna-podeszwa-na-co-dzien,,,Czarny,,46,,,,0.0,shopify,continue,manual,219.95,,true,false
meskie-sneakersy-sportowe-z-wygodna-podeszwa-na-co-dzien,,,Brązowy,,45,,,,0.0,shopify,continue,manual,219.95,,true,false
meskie-sneakersy-sportowe-z-wygodna-podeszwa-na-co-dzien,,,Brązowy,,46,,,,0.0,shopify,continue,manual,219.95,,true,false
damskie-brazowe-polbuty-wsuwane-z-przeszyciami,Damskie brązowe półbuty wsuwane z przeszyciami,Kolor,Brązowy,Rozmiar,43,,,,0.0,shopify,continue,manual,309.95,,true,false
damskie-brazowe-polbuty-wsuwane-z-przeszyciami,,,Beżowy,,43,,,,0.0,shopify,continue,manual,309.95,,true,false
damskie-brazowe-polbuty-wsuwane-z-przeszyciami,,,Czarny,,43,,,,0.0,shopify,continue,manual,309.95,,true,false
meskie-kapcie-zimowe-za-kostke-z-szerokim-zapieciem,Męskie kapcie zimowe za kostkę z szerokim zapięciem,Kolor,szary,Rozmiar,45,,,,0.0,shopify,continue,manual,199.95,,true,false
meskie-kapcie-zimowe-za-kostke-z-szerokim-zapieciem,,,szary,,46,,,,0.0,shopify,continue,manual,199.95,,true,false
damskie-botki-na-chlodniejsze-dni-jesienia,Damskie botki na chłodniejsze dni jesienią,Kolor,Brązowy,Rozmiar,43,,,,0.0,shopify,continue,manual,259.95,,true,false
damskie-botki-na-chlodniejsze-dni-jesienia,,,Niebieski,,43,,,,0.0,shopify,continue,manual,259.95,,true,false
damskie-botki-na-chlodniejsze-dni-jesienia,,,Czarny,,43,,,,0.0,shopify,continue,manual,259.95,,true,false
damskie-botki-na-chlodniejsze-dni-jesienia,,,Szary,,43,,,,0.0,shopify,continue,manual,259.95,,true,false
damskie-botki-na-chlodniejsze-dni-jesienia,,,Różowy,,43,,,,0.0,shopify,continue,manual,259.95,,true,false
meskie-sneakersy-sportowe-z-elastyczna-cholewka,Męskie sneakersy sportowe z elastyczną cholewką,Kolor,Beżowy,Rozmiar,45,,,,0.0,shopify,continue,manual,264.95,,true,false
meskie-sneakersy-sportowe-z-elastyczna-cholewka,,,Beżowy,,46,,,,0.0,shopify,continue,manual,264.95,,true,false
meskie-sneakersy-sportowe-z-elastyczna-cholewka,,,Biały,,45,,,,0.0,shopify,continue,manual,264.95,,true,false
meskie-sneakersy-sportowe-z-elastyczna-cholewka,,,Biały,,46,,,,0.0,shopify,continue,manual,264.95,,true,false
meskie-sneakersy-sportowe-z-elastyczna-cholewka,,,Czarny,,45,,,,0.0,shopify,continue,manual,264.95,,true,false
meskie-sneakersy-sportowe-z-elastyczna-cholewka,,,Czarny,,46,,,,0.0,shopify,continue,manual,264.95,,true,false
meskie-sneakersy-sportowe-z-elastyczna-cholewka,,,Niebieski,,45,,,,0.0,shopify,continue,manual,264.95,,true,false
meskie-sneakersy-sportowe-z-elastyczna-cholewka,,,Niebieski,,46,,,,0.0,shopify,continue,manual,264.95,,true,false
meskie-zimowe-buty-za-kostke-na-sniezne-dni,Męskie zimowe buty za kostkę na śnieżne dni,Kolor,Czarny,Rozmiar,43,,,,0.0,shopify,continue,manual,254.95,423.95,true,false
meskie-zimowe-buty-za-kostke-na-sniezne-dni,,,Czarny,,44,,,,0.0,shopify,continue,manual,254.95,423.95,true,false
meskie-zimowe-buty-za-kostke-na-sniezne-dni,,,Czarny,,45,,,,0.0,shopify,continue,manual,254.95,423.95,true,false
meskie-zimowe-buty-za-kostke-na-sniezne-dni,,,Czarny,,46,,,,0.0,shopify,continue,manual,254.95,423.95,true,false
meskie-zimowe-buty-za-kostke-na-sniezne-dni,,,Biały,,43,,,,0.0,shopify,continue,manual,254.95,423.95,true,false
meskie-zimowe-buty-za-kostke-na-sniezne-dni,,,Biały,,44,,,,0.0,shopify,continue,manual,254.95,423.95,true,false
meskie-zimowe-buty-za-kostke-na-sniezne-dni,,,Biały,,45,,,,0.0,shopify,continue,manual,254.95,423.95,true,false
meskie-zimowe-buty-za-kostke-na-sniezne-dni,,,Biały,,46,,,,0.0,shopify,continue,manual,254.95,423.95,true,false
meskie-zimowe-buty-za-kostke-na-sniezne-dni,,,Granatowy,,43,,,,0.0,shopify,continue,manual,254.95,423.95,true,false
meskie-zimowe-buty-za-kostke-na-sniezne-dni,,,Granatowy,,44,,,,0.0,shopify,continue,manual,254.95,423.95,true,false
meskie-zimowe-buty-za-kostke-na-sniezne-dni,,,Granatowy,,45,,,,0.0,shopify,continue,manual,254.95,423.95,true,false
meskie-zimowe-buty-za-kostke-na-sniezne-dni,,,Granatowy,,46,,,,0.0,shopify,continue,manual,254.95,423.95,true,false
meskie-buty-za-kostke-na-chlodniejsze-dni,Męskie buty za kostkę na chłodniejsze dni,Kolor,Czarny,Rozmiar,45,,,,0.0,shopify,continue,manual,229.95,,true,false
meskie-buty-za-kostke-na-chlodniejsze-dni,,,Czarny,,46,,,,0.0,shopify,continue,manual,229.95,,true,false
meskie-buty-za-kostke-na-chlodniejsze-dni,,,Ciemnobrązowy,,45,,,,0.0,shopify,continue,manual,229.95,,true,false
meskie-buty-za-kostke-na-chlodniejsze-dni,,,Ciemnobrązowy,,46,,,,0.0,shopify,continue,manual,229.95,,true,false
damskie-chodaki-na-codzienne-wiosenne-i-letnie-zestawy,Damskie chodaki na codzienne wiosenne i letnie zestawy,Kolor,Czarny,Rozmiar,43,,,,0.0,shopify,continue,manual,204.95,,true,false
damskie-chodaki-na-codzienne-wiosenne-i-letnie-zestawy,,,Biały,,43,,,,0.0,shopify,continue,manual,204.95,,true,false
damskie-chodaki-na-codzienne-wiosenne-i-letnie-zestawy,,,Bordowy,,43,,,,0.0,shopify,continue,manual,204.95,,true,false
damskie-chodaki-na-codzienne-wiosenne-i-letnie-zestawy,,,Granatowy,,43,,,,0.0,shopify,continue,manual,204.95,,true,false
damskie-chodaki-na-codzienne-wiosenne-i-letnie-zestawy,,,Beżowy,,43,,,,0.0,shopify,continue,manual,204.95,,true,false
meskie-botki-z-ozdobnymi-paskami-na-zime,Męskie botki z ozdobnymi paskami na zimę,Kolor,Brązowy,Rozmiar,45,,,,0.0,shopify,continue,manual,309.95,,true,false
meskie-botki-z-ozdobnymi-paskami-na-zime,,,Brązowy,,46,,,,0.0,shopify,continue,manual,309.95,,true,false
meskie-botki-z-ozdobnymi-paskami-na-zime,,,Ciemnobrązowy,,45,,,,0.0,shopify,continue,manual,309.95,,true,false
meskie-botki-z-ozdobnymi-paskami-na-zime,,,Ciemnobrązowy,,46,,,,0.0,shopify,continue,manual,309.95,,true,false
meskie-botki-z-ozdobnymi-paskami-na-zime,,,Czarny,,45,,,,0.0,shopify,continue,manual,309.95,,true,false
meskie-botki-z-ozdobnymi-paskami-na-zime,,,Czarny,,46,,,,0.0,shopify,continue,manual,309.95,,true,false
meskie-wysokie-botki-z-paskami-na-jesien,Męskie wysokie botki z paskami na jesień,Kolor,Brązowy,Rozmiar,45,,,,0.0,shopify,continue,manual,354.95,,true,false
meskie-wysokie-botki-z-paskami-na-jesien,,,Brązowy,,46,,,,0.0,shopify,continue,manual,354.95,,true,false
meskie-wysokie-botki-z-paskami-na-jesien,,,Czerwony Wino,,45,,,,0.0,shopify,continue,manual,354.95,,true,false
meskie-wysokie-botki-z-paskami-na-jesien,,,Czerwony Wino,,46,,,,0.0,shopify,continue,manual,354.95,,true,false
meskie-wysokie-botki-z-paskami-na-jesien,,,Czarny,,45,,,,0.0,shopify,continue,manual,354.95,,true,false
meskie-wysokie-botki-z-paskami-na-jesien,,,Czarny,,46,,,,0.0,shopify,continue,manual,354.95,,true,false
meskie-wysokie-botki-z-paskami-na-jesien,,,Ciemnobrązowy,,45,,,,0.0,shopify,continue,manual,354.95,,true,false
meskie-wysokie-botki-z-paskami-na-jesien,,,Ciemnobrązowy,,46,,,,0.0,shopify,continue,manual,354.95,,true,false
meskie-botki-sznurowane-na-chlodniejsze-dni-jesienia,Męskie botki sznurowane na chłodniejsze dni jesienią,Kolor,Brązowy,Rozmiar,45,,,,0.0,shopify,continue,manual,254.95,,true,false
meskie-botki-sznurowane-na-chlodniejsze-dni-jesienia,,,Brązowy,,46,,,,0.0,shopify,continue,manual,254.95,,true,false
meskie-botki-sznurowane-na-chlodniejsze-dni-jesienia,,,Czarny,,45,,,,0.0,shopify,continue,manual,254.95,,true,false
meskie-botki-sznurowane-na-chlodniejsze-dni-jesienia,,,Czarny,,46,,,,0.0,shopify,continue,manual,254.95,,true,false
meskie-botki-sznurowane-na-chlodniejsze-dni-jesieni,Męskie botki sznurowane na chłodniejsze dni jesieni,Kolor,Brązowy,Rozmiar,45,,,,0.0,shopify,continue,manual,254.95,,true,false
meskie-botki-sznurowane-na-chlodniejsze-dni-jesieni,,,Brązowy,,46,,,,0.0,shopify,continue,manual,254.95,,true,false
meskie-botki-sznurowane-na-chlodniejsze-dni-jesieni,,,Ciemnobrązowy,,45,,,,0.0,shopify,continue,manual,254.95,,true,false
meskie-botki-sznurowane-na-chlodniejsze-dni-jesieni,,,Ciemnobrązowy,,46,,,,0.0,shopify,continue,manual,254.95,,true,false
meskie-botki-sznurowane-na-chlodniejsze-dni-jesieni,,,Czarny,,45,,,,0.0,shopify,continue,manual,254.95,,true,false
meskie-botki-sznurowane-na-chlodniejsze-dni-jesieni,,,Czarny,,46,,,,0.0,shopify,continue,manual,254.95,,true,false
meskie-mokasyny-z-eleganckim-charakterem-na-rozne-okazje,Męskie mokasyny z eleganckim charakterem na różne okazje,Kolor,Granatowy,Rozmiar,45,,,,0.0,shopify,continue,manual,254.95,,true,false
meskie-mokasyny-z-eleganckim-charakterem-na-rozne-okazje,,,Granatowy,,46,,,,0.0,shopify,continue,manual,254.95,,true,false
meskie-mokasyny-z-eleganckim-charakterem-na-rozne-okazje,,,Czarny,,45,,,,0.0,shopify,continue,manual,254.95,,true,false
meskie-mokasyny-z-eleganckim-charakterem-na-rozne-okazje,,,Czarny,,46,,,,0.0,shopify,continue,manual,254.95,,true,false
meskie-mokasyny-z-eleganckim-charakterem-na-rozne-okazje,,,Brązowy,,45,,,,0.0,shopify,continue,manual,254.95,,true,false
meskie-mokasyny-z-eleganckim-charakterem-na-rozne-okazje,,,Brązowy,,46,,,,0.0,shopify,continue,manual,254.95,,true,false
meskie-botki-o-eleganckim-charakterze-na-jesien,Męskie botki o eleganckim charakterze na jesień,Kolor,Brązowy,Rozmiar,45,,,,0.0,shopify,continue,manual,304.95,,true,false
meskie-botki-o-eleganckim-charakterze-na-jesien,,,Brązowy,,46,,,,0.0,shopify,continue,manual,304.95,,true,false
meskie-botki-o-eleganckim-charakterze-na-jesien,,,Czarny,,45,,,,0.0,shopify,continue,manual,304.95,,true,false
meskie-botki-o-eleganckim-charakterze-na-jesien,,,Czarny,,46,,,,0.0,shopify,continue,manual,304.95,,true,false
meskie-botki-kowbojskie-do-wyrazistych-zestawow,Męskie botki kowbojskie do wyrazistych zestawów,Kolor,Czarny,Rozmiar,45,,,,0.0,shopify,continue,manual,254.95,423.95,true,false
meskie-botki-kowbojskie-do-wyrazistych-zestawow,,,Czarny,,46,,,,0.0,shopify,continue,manual,254.95,423.95,true,false
meskie-botki-kowbojskie-do-wyrazistych-zestawow,,,Brązowy,,45,,,,0.0,shopify,continue,manual,254.95,423.95,true,false
meskie-botki-kowbojskie-do-wyrazistych-zestawow,,,Brązowy,,46,,,,0.0,shopify,continue,manual,254.95,423.95,true,false
meskie-sneakersy-do-miejskich-zestawien-przez-caly-rok,Męskie sneakersy do miejskich zestawień przez cały rok,Kolor,Biały,Rozmiar,45,,,,0.0,shopify,continue,manual,254.94,423.95,true,false
meskie-sneakersy-do-miejskich-zestawien-przez-caly-rok,,,Biały,,46,,,,0.0,shopify,continue,manual,254.94,423.95,true,false
meskie-sneakersy-do-miejskich-zestawien-przez-caly-rok,,,Czarny,,45,,,,0.0,shopify,continue,manual,254.94,423.95,true,false
meskie-sneakersy-do-miejskich-zestawien-przez-caly-rok,,,Czarny,,46,,,,0.0,shopify,continue,manual,254.94,423.95,true,false
meskie-mokasyny-wsuwane-do-codziennych-stylizacji,Męskie mokasyny wsuwane do codziennych stylizacji,Kolor,Beżowy,Rozmiar,45,,,,0.0,shopify,continue,manual,279.95,0.00,true,false
meskie-mokasyny-wsuwane-do-codziennych-stylizacji,,,Beżowy,,46,,,,0.0,shopify,continue,manual,279.95,0.00,true,false
meskie-mokasyny-wsuwane-do-codziennych-stylizacji,,,Granatowy,,45,,,,0.0,shopify,continue,manual,279.95,0.00,true,false
meskie-mokasyny-wsuwane-do-codziennych-stylizacji,,,Granatowy,,46,,,,0.0,shopify,continue,manual,279.95,0.00,true,false
meskie-mokasyny-wsuwane-do-codziennych-stylizacji,,,Brązowy,,45,,,,0.0,shopify,continue,manual,279.95,0.00,true,false
meskie-mokasyny-wsuwane-do-codziennych-stylizacji,,,Brązowy,,46,,,,0.0,shopify,continue,manual,279.95,0.00,true,false
meskie-mokasyny-wsuwane-do-codziennych-stylizacji,,,Jasnoniebieski,,45,,,,0.0,shopify,continue,manual,279.95,0.00,true,false
meskie-mokasyny-wsuwane-do-codziennych-stylizacji,,,Jasnoniebieski,,46,,,,0.0,shopify,continue,manual,279.95,0.00,true,false
damskie-sneakersy-z-ozdobnymi-detalami-na-co-dzien,Damskie sneakersy z ozdobnymi detalami na co dzień,Kolor,Beżowy,Rozmiar,43,,,,0.0,shopify,continue,manual,409.95,,true,false
damskie-sneakersy-z-ozdobnymi-detalami-na-co-dzien,,,Brązowy,,43,,,,0.0,shopify,continue,manual,409.95,,true,false
damskie-sneakersy-z-ozdobnymi-detalami-na-co-dzien,,,Czarny,,43,,,,0.0,shopify,continue,manual,409.95,,true,false
damskie-chodaki-z-paskiem-na-co-dzien,Damskie chodaki z paskiem na co dzień,Kolor,Brązowy,Rozmiar,43,,,,0.0,shopify,continue,manual,179.95,,true,false
damskie-chodaki-z-paskiem-na-co-dzien,,,Czarny,,43,,,,0.0,shopify,continue,manual,179.95,,true,false
damskie-chodaki-z-paskiem-na-co-dzien,,,Zielony,,43,,,,0.0,shopify,continue,manual,179.95,,true,false
damskie-chodaki-z-paskiem-na-co-dzien,,,Czerwony,,43,,,,0.0,shopify,continue,manual,179.95,,true,false
damskie-chodaki-z-paskiem-na-co-dzien,,,Niebieski,,43,,,,0.0,shopify,continue,manual,179.95,,true,false
damskie-kozaki-sznurowane-na-chlodniejsze-dni,Damskie kozaki sznurowane na chłodniejsze dni,Kolor,Beżowy,Rozmiar,43,,,,0.0,shopify,continue,manual,279.95,0.00,true,true
damskie-kozaki-sznurowane-na-chlodniejsze-dni,,,Czarny,,43,,,,0.0,shopify,continue,manual,279.95,0.00,true,true
damskie-kozaki-sznurowane-na-chlodniejsze-dni,,,Brązowy,,43,,,,0.0,shopify,continue,manual,279.95,0.00,true,true
damskie-kozaki-sznurowane-na-chlodniejsze-dni,,,Fioletowy,,43,,,,0.0,shopify,continue,manual,279.95,0.00,true,true
damskie-botki-na-chlodniejsze-dni,Damskie botki na chłodniejsze dni,Kolor,Beżowy,Rozmiar,43,,,,0.0,shopify,continue,manual,229.95,0.00,true,true
damskie-botki-na-chlodniejsze-dni,,,Czarny,,43,,,,0.0,shopify,continue,manual,229.95,0.00,true,true
damskie-wsuwane-polbuty-na-co-dzien,Damskie wsuwane półbuty na co dzień,Kolor,Czarny,Rozmiar,43,,,,0.0,shopify,continue,manual,179.95,0.00,true,true
damskie-wsuwane-polbuty-na-co-dzien,,,Szary,,43,,,,0.0,shopify,continue,manual,179.95,0.00,true,true
damskie-wsuwane-polbuty-na-co-dzien,,,Niebieski,,43,,,,0.0,shopify,continue,manual,179.95,0.00,true,true
damskie-sneakersy-idealne-na-co-dzien,Damskie sneakersy idealne na co dzień,Kolor,Jasnoszary,Rozmiar,43,,,,0.0,shopify,continue,manual,204.95,0.00,true,true
damskie-sneakersy-idealne-na-co-dzien,,,Szary,,43,,,,0.0,shopify,continue,manual,204.95,0.00,true,true
damskie-sneakersy-idealne-na-co-dzien,,,Czarny,,43,,,,0.0,shopify,continue,manual,204.95,0.00,true,true
damskie-sneakersy-idealne-na-co-dzien,,,Czerwony,,43,,,,0.0,shopify,continue,manual,204.95,0.00,true,true
damskie-sneakersy-idealne-na-co-dzien,,,Granatowy,,43,,,,0.0,shopify,continue,manual,204.95,0.00,true,true
damskie-polbuty-sznurowane-na-co-dzien,Damskie półbuty sznurowane na co dzień,Kolor,Niebieski,Rozmiar,43,,,,0.0,shopify,continue,manual,279.95,0.00,true,true
damskie-polbuty-sznurowane-na-co-dzien,,,Brązowy,,43,,,,0.0,shopify,continue,manual,279.95,0.00,true,true
damskie-polbuty-sznurowane-na-co-dzien,,,Czarny,,43,,,,0.0,shopify,continue,manual,279.95,0.00,true,true
damskie-polbuty-sznurowane-na-co-dzien,,,Jasnobrązowy,,43,,,,0.0,shopify,continue,manual,279.95,0.00,true,true
damskie-czolenka-na-eleganckie-okazje,Damskie czółenka na eleganckie okazje,Kolor,Czarny,Rozmiar,43,,,,0.0,shopify,continue,manual,229.95,0.00,true,true
damskie-czolenka-na-eleganckie-okazje,,,Zwierzęcy,,43,,,,0.0,shopify,continue,manual,229.95,0.00,true,true
damskie-czolenka-na-eleganckie-okazje,,,Beżowy,,43,,,,0.0,shopify,continue,manual,229.95,0.00,true,true
damskie-czolenka-na-eleganckie-okazje,,,Biały,,43,,,,0.0,shopify,continue,manual,229.95,0.00,true,true
damskie-sneakersy-na-codzienne-wyjscia,Damskie sneakersy na codzienne wyjścia,Kolor,Szary,Rozmiar,43,,,,0.0,shopify,continue,manual,254.95,0.00,true,true
damskie-sneakersy-na-codzienne-wyjscia,,,Beżowy,,43,,,,0.0,shopify,continue,manual,254.95,0.00,true,true
damskie-sneakersy-na-codzienne-wyjscia,,,Zielony,,43,,,,0.0,shopify,continue,manual,254.95,0.00,true,true
damskie-sneakersy-do-codziennych-zestawow,Damskie sneakersy do codziennych zestawów,Kolor,Beżowy,Rozmiar,43,,,,0.0,shopify,continue,manual,279.95,0.00,true,true
damskie-sneakersy-do-codziennych-zestawow,,,Brązowy,,43,,,,0.0,shopify,continue,manual,279.95,0.00,true,true
damskie-sneakersy-do-codziennych-zestawow,,,Granatowy,,43,,,,0.0,shopify,continue,manual,279.95,0.00,true,true
damskie-sneakersy-do-codziennych-zestawow,,,Niebieski,,43,,,,0.0,shopify,continue,manual,279.95,0.00,true,true
damskie-sneakersy-do-codziennych-zestawow,,,Zielony,,43,,,,0.0,shopify,continue,manual,279.95,0.00,true,true
damskie-sneakersy-do-codziennych-zestawow,,,Czarny,,43,,,,0.0,shopify,continue,manual,279.95,0.00,true,true
damskie-kozaki-kowbojskie-na-jesienne-i-zimowe-dni,Damskie kozaki kowbojskie na jesienne i zimowe dni,Kolor,Brązowy,Rozmiar,43,,,,0.0,shopify,continue,manual,384.95,0.00,true,true
damskie-kozaki-kowbojskie-na-jesienne-i-zimowe-dni,,,Biały,,43,,,,0.0,shopify,continue,manual,384.95,0.00,true,true
damskie-sneakersy-sportowe-na-codzienne-spacery-i-wyjscia,Damskie sneakersy sportowe na codzienne spacery i wyjścia,Kolor,Czarny,Rozmiar,43,,,,0.0,shopify,continue,manual,229.95,0.00,true,true
damskie-sneakersy-sportowe-na-codzienne-spacery-i-wyjscia,,,Niebieski,,43,,,,0.0,shopify,continue,manual,229.95,0.00,true,true
damskie-sneakersy-sportowe-na-codzienne-spacery-i-wyjscia,,,Szary,,43,,,,0.0,shopify,continue,manual,229.95,0.00,true,true
damskie-sneakersy-sportowe-na-codzienne-spacery-i-wyjscia,,,Beżowy,,43,,,,0.0,shopify,continue,manual,229.95,0.00,true,true
damskie-ortopedyczne-loafersy-lekkie-codzienne-wygody,Damskie mokasyny z ozdobną klamrą na wiosenne wyjścia,Kolor,Beżowy,Rozmiar,43,,,,0.0,shopify,continue,manual,279.95,0.00,true,true
damskie-ortopedyczne-loafersy-lekkie-codzienne-wygody,,,Niebieski,,43,,,,0.0,shopify,continue,manual,279.95,0.00,true,true
damskie-ortopedyczne-loafersy-lekkie-codzienne-wygody,,,Szary,,43,,,,0.0,shopify,continue,manual,279.95,0.00,true,true
damskie-ortopedyczne-loafersy-lekkie-codzienne-wygody,,,Biały,,43,,,,0.0,shopify,continue,manual,279.95,0.00,true,true
damskie-sandaly-na-obcasie-z-paskiem-na-eleganckie,Damskie sandały na obcasie z paskiem na eleganckie,Kolor,Biały,Rozmiar,43,,,,0.0,shopify,continue,manual,279.95,0.00,true,true
damskie-sandaly-na-obcasie-z-paskiem-na-eleganckie,,,Złoty,,43,,,,0.0,shopify,continue,manual,279.95,0.00,true,true
damskie-sandaly-na-obcasie-z-paskiem-na-eleganckie,,,Czarny,,43,,,,0.0,shopify,continue,manual,279.95,0.00,true,true
damskie-sandaly-na-obcasie-z-paskiem-na-eleganckie,,,Srebrny,,43,,,,0.0,shopify,continue,manual,279.95,0.00,true,true
damskie-mokasyny-z-ozdobnym-paskiem-na-codzienne-wyjscia,Damskie mokasyny z ozdobnym paskiem na codzienne wyjścia,Kolor,Beżowy,Rozmiar,43,,,,0.0,shopify,continue,manual,229.95,0.00,true,true
damskie-mokasyny-z-ozdobnym-paskiem-na-codzienne-wyjscia,,,Czarny,,43,,,,0.0,shopify,continue,manual,229.95,0.00,true,true
damskie-mokasyny-z-ozdobnym-paskiem-na-codzienne-wyjscia,,,Niebieski,,43,,,,0.0,shopify,continue,manual,229.95,0.00,true,true
damskie-mokasyny-z-ozdobnym-paskiem-na-codzienne-wyjscia,,,Brązowy,,43,,,,0.0,shopify,continue,manual,229.95,0.00,true,true
damskie-mokasyny-z-ozdobnym-paskiem-na-codzienne-wyjscia,,,Zielony,,43,,,,0.0,shopify,continue,manual,229.95,0.00,true,true
damskie-mokasyny-na-co-dzien-do-eleganckich-zestawow,Damskie mokasyny na co dzień do eleganckich zestawów,Kolor,Brązowy,Rozmiar,43,,,,0.0,shopify,continue,manual,309.95,443.00,true,true
damskie-mokasyny-na-co-dzien-do-eleganckich-zestawow,,,Czarny,,43,,,,0.0,shopify,continue,manual,309.95,443.00,true,true
damskie-mokasyny-na-co-dzien-do-eleganckich-zestawow,,,Szary,,43,,,,0.0,shopify,continue,manual,309.95,443.00,true,true
damskie-mokasyny-na-co-dzien-do-eleganckich-zestawow,,,Zwierzęcy,,43,,,,0.0,shopify,continue,manual,309.95,443.00,true,true
damskie-sandaly-na-obcasie-na-eleganckie-letnie-okazje,Damskie sandały na obcasie na eleganckie letnie okazjea,Kolor,Różowy,Rozmiar,43,,,,0.0,shopify,continue,manual,174.95,250.00,true,true
damskie-sandaly-na-obcasie-na-eleganckie-letnie-okazje,,,Czarny,,43,,,,0.0,shopify,continue,manual,174.95,250.00,true,true
damskie-sneakersy-na-codzienne-spacery-i-wiosenne-wyjscia,Damskie sneakersy na codzienne spacery i wiosenne wyjścia,Kolor,Beżowy,Rozmiar,43,,,,0.0,shopify,continue,manual,254.95,364.00,true,true
damskie-sneakersy-na-codzienne-spacery-i-wiosenne-wyjscia,,,Biały,,43,,,,0.0,shopify,continue,manual,254.95,364.00,true,true
damskie-sneakersy-na-codzienne-spacery-i-wiosenne-wyjscia,,,Różowy,,43,,,,0.0,shopify,continue,manual,254.95,364.00,true,true
damskie-sneakersy-na-codzienne-spacery-i-wiosenne-wyjscia,,,Szary,,43,,,,0.0,shopify,continue,manual,254.95,364.00,true,true
damskie-sneakersy-na-codzienne-spacery-i-wiosenne-wyjscia,,,Złoty,,43,,,,0.0,shopify,continue,manual,254.95,364.00,true,true
damskie-wsuwane-polbuty-na-codzienne-wiosenne-dni,Damskie wsuwane półbuty na codzienne wiosenne dni,Kolor,Zielony,Rozmiar,43,,,,0.0,shopify,continue,manual,229.95,329.00,true,true
damskie-wsuwane-polbuty-na-codzienne-wiosenne-dni,,,Czarny,,43,,,,0.0,shopify,continue,manual,229.95,329.00,true,true
damskie-wsuwane-polbuty-na-codzienne-wiosenne-dni,,,Niebieski,,43,,,,0.0,shopify,continue,manual,229.95,329.00,true,true
damskie-wsuwane-polbuty-na-codzienne-wiosenne-dni,,,Czerwony,,43,,,,0.0,shopify,continue,manual,229.95,329.00,true,true
damskie-wsuwane-polbuty-na-codzienne-wiosenne-dni,,,Biały,,43,,,,0.0,shopify,continue,manual,229.95,329.00,true,true
damskie-eleganckie-czolenka-na-wyjatkowe-okazje-i-spotkania,Damskie eleganckie czółenka na wyjątkowe okazje i spotkania,Kolor,Biały,Rozmiar,43,,,,0.0,shopify,continue,manual,204.95,293.00,true,true
damskie-eleganckie-czolenka-na-wyjatkowe-okazje-i-spotkania,,,Czarny,,43,,,,0.0,shopify,continue,manual,204.95,293.00,true,true
damskie-eleganckie-czolenka-na-wyjatkowe-okazje-i-spotkania,,,Beżowy,,43,,,,0.0,shopify,continue,manual,204.95,293.00,true,true
damskie-eleganckie-czolenka-na-wyjatkowe-okazje-i-spotkania,,,Różowy,,43,,,,0.0,shopify,continue,manual,204.95,293.00,true,true
damskie-botki-z-klamrami-na-chlodniejsze-jesienne-dni,Damskie botki z klamrami na chłodniejsze jesienne dni,Kolor,Czarny,Rozmiar,36,,,,0.0,shopify,continue,manual,174.95,250.00,true,true
damskie-botki-z-klamrami-na-chlodniejsze-jesienne-dni,,,Czarny,,37,,,,0.0,shopify,continue,manual,174.95,250.00,true,true
damskie-botki-z-klamrami-na-chlodniejsze-jesienne-dni,,,Czarny,,38,,,,0.0,shopify,continue,manual,174.95,250.00,true,true
damskie-botki-z-klamrami-na-chlodniejsze-jesienne-dni,,,Brązowy,,36,,,,0.0,shopify,continue,manual,174.95,250.00,true,true
damskie-botki-z-klamrami-na-chlodniejsze-jesienne-dni,,,Brązowy,,37,,,,0.0,shopify,continue,manual,174.95,250.00,true,true
damskie-botki-z-klamrami-na-chlodniejsze-jesienne-dni,,,Brązowy,,38,,,,0.0,shopify,continue,manual,174.95,250.00,true,true
meskie-wysokie-buty-na-jesienne-i-zimowe-dni,Męskie wysokie buty na jesienne i zimowe dni,Kolor,Brązowy,Rozmiar,45,,,,0.0,shopify,continue,manual,254.95,364.00,true,true
meskie-wysokie-buty-na-jesienne-i-zimowe-dni,,,Brązowy,,46,,,,0.0,shopify,continue,manual,254.95,364.00,true,true
meskie-wysokie-buty-na-jesienne-i-zimowe-dni,,,Czarny,,45,,,,0.0,shopify,continue,manual,254.95,364.00,true,true
meskie-wysokie-buty-na-jesienne-i-zimowe-dni,,,Czarny,,46,,,,0.0,shopify,continue,manual,254.95,364.00,true,true
damskie-obuwie-na-rozne-okazje,Damskie obuwie na różne okazje,Kolor,Szary,Rozmiar,36,,,,0.0,shopify,continue,manual,324.95,464.00,true,true
damskie-obuwie-na-rozne-okazje,,,Szary,,37,,,,0.0,shopify,continue,manual,324.95,464.00,true,true
damskie-obuwie-na-rozne-okazje,,,Szary,,38,,,,0.0,shopify,continue,manual,324.95,464.00,true,true
damskie-obuwie-na-rozne-okazje,,,Czarny,,36,,,,0.0,shopify,continue,manual,324.95,464.00,true,true
damskie-obuwie-na-rozne-okazje,,,Czarny,,37,,,,0.0,shopify,continue,manual,324.95,464.00,true,true
damskie-obuwie-na-rozne-okazje,,,Czarny,,38,,,,0.0,shopify,continue,manual,324.95,464.00,true,true
damskie-obuwie-na-rozne-okazje,,,Beżowy,,36,,,,0.0,shopify,continue,manual,324.95,464.00,true,true
damskie-obuwie-na-rozne-okazje,,,Beżowy,,37,,,,0.0,shopify,continue,manual,324.95,464.00,true,true
damskie-obuwie-na-rozne-okazje,,,Beżowy,,38,,,,0.0,shopify,continue,manual,324.95,464.00,true,true
damskie-obuwie-na-rozne-okazje,,,Niebieski,,36,,,,0.0,shopify,continue,manual,324.95,464.00,true,true
damskie-obuwie-na-rozne-okazje,,,Niebieski,,37,,,,0.0,shopify,continue,manual,324.95,464.00,true,true
damskie-obuwie-na-rozne-okazje,,,Niebieski,,38,,,,0.0,shopify,continue,manual,324.95,464.00,true,true
kozaki-za-kostke-w-klasycznym-stylu,Kozaki za kostkę w klasycznym stylu,Kolor,Brązowy,Rozmiar,43,,,,0.0,shopify,continue,manual,364.95,521.00,true,true
kozaki-za-kostke-w-klasycznym-stylu,,,Ciemnobrązowy,,43,,,,0.0,shopify,continue,manual,364.95,521.00,true,true
kozaki-za-kostke-w-klasycznym-stylu,,,Czarny,,43,,,,0.0,shopify,continue,manual,364.95,521.00,true,true
buty-za-kostke-na-chlodniejsze-dni,Buty za kostkę na chłodniejsze dni,Kolor,Czarny,Rozmiar,45,,,,0.0,shopify,continue,manual,259.95,371.00,true,true
buty-za-kostke-na-chlodniejsze-dni,,,Czarny,,46,,,,0.0,shopify,continue,manual,259.95,371.00,true,true
buty-za-kostke-na-chlodniejsze-dni,,,Brązowy,,45,,,,0.0,shopify,continue,manual,259.95,371.00,true,true
buty-za-kostke-na-chlodniejsze-dni,,,Brązowy,,46,,,,0.0,shopify,continue,manual,259.95,371.00,true,true
buty-za-kostke-na-chlodniejsze-dni,,,Biały,,45,,,,0.0,shopify,continue,manual,259.95,371.00,true,true
buty-za-kostke-na-chlodniejsze-dni,,,Biały,,46,,,,0.0,shopify,continue,manual,259.95,371.00,true,true
buty-za-kostke-na-chlodniejsze-dni,,,Khaki,,45,,,,0.0,shopify,continue,manual,259.95,371.00,true,true
buty-za-kostke-na-chlodniejsze-dni,,,Khaki,,46,,,,0.0,shopify,continue,manual,259.95,371.00,true,true
buty-za-kostke-na-chlodniejsze-dni,,,Niebieski,,45,,,,0.0,shopify,continue,manual,259.95,371.00,true,true
buty-za-kostke-na-chlodniejsze-dni,,,Niebieski,,46,,,,0.0,shopify,continue,manual,259.95,371.00,true,true
meskie-wysokie-buty-na-co-dzien,Męskie wysokie buty na co dzień,Kolor,Biały,Rozmiar,45,,,,0.0,shopify,continue,manual,279.95,400.00,true,true
meskie-wysokie-buty-na-co-dzien,,,Biały,,46,,,,0.0,shopify,continue,manual,279.95,400.00,true,true
meskie-wysokie-buty-na-co-dzien,,,Czarny,,45,,,,0.0,shopify,continue,manual,279.95,400.00,true,true
meskie-wysokie-buty-na-co-dzien,,,Czarny,,46,,,,0.0,shopify,continue,manual,279.95,400.00,true,true
damskie-botki-na-chlodniejsze-pory-roku,Damskie botki na chłodniejsze pory roku,Kolor,Khaki,Rozmiar,43,,,,0.0,shopify,continue,manual,259.95,371.00,true,true
damskie-botki-na-chlodniejsze-pory-roku,,,Czarny,,43,,,,0.0,shopify,continue,manual,259.95,371.00,true,true
damskie-botki-na-chlodniejsze-pory-roku,,,Kawa,,43,,,,0.0,shopify,continue,manual,259.95,371.00,true,true
meskie-sznurowane-obuwie-na-rozne-okazje,Męskie sznurowane obuwie na różne okazje,Kolor,Granatowy,Rozmiar,45,,,,0.0,shopify,continue,manual,344.95,493.00,true,true
meskie-sznurowane-obuwie-na-rozne-okazje,,,Granatowy,,46,,,,0.0,shopify,continue,manual,344.95,493.00,true,true
meskie-sznurowane-obuwie-na-rozne-okazje,,,Czarny,,45,,,,0.0,shopify,continue,manual,344.95,493.00,true,true
meskie-sznurowane-obuwie-na-rozne-okazje,,,Czarny,,46,,,,0.0,shopify,continue,manual,344.95,493.00,true,true
meskie-sznurowane-obuwie-na-rozne-okazje,,,Brązowy,,45,,,,0.0,shopify,continue,manual,344.95,493.00,true,true
meskie-sznurowane-obuwie-na-rozne-okazje,,,Brązowy,,46,,,,0.0,shopify,continue,manual,344.95,493.00,true,true
kapcie-domowe-z-klasycznym-wykonczeniem,Kapcie domowe z klasycznym wykończeniem,Kolor,Brązowy,Rozmiar,45,,,,0.0,shopify,continue,manual,214.95,307.00,true,true
kapcie-domowe-z-klasycznym-wykonczeniem,,,Brązowy,,46,,,,0.0,shopify,continue,manual,214.95,307.00,true,true
kapcie-domowe-z-klasycznym-wykonczeniem,,,Szary,,45,,,,0.0,shopify,continue,manual,214.95,307.00,true,true
kapcie-domowe-z-klasycznym-wykonczeniem,,,Szary,,46,,,,0.0,shopify,continue,manual,214.95,307.00,true,true
kapcie-domowe-z-klasycznym-wykonczeniem,,,Czarny,,45,,,,0.0,shopify,continue,manual,214.95,307.00,true,true
kapcie-domowe-z-klasycznym-wykonczeniem,,,Czarny,,46,,,,0.0,shopify,continue,manual,214.95,307.00,true,true
kapcie-domowe-z-klasycznym-wykonczeniem,,,Niebieski,,45,,,,0.0,shopify,continue,manual,214.95,307.00,true,true
kapcie-domowe-z-klasycznym-wykonczeniem,,,Niebieski,,46,,,,0.0,shopify,continue,manual,214.95,307.00,true,true
damskie-kapcie-domowe-na-co-dzien,Damskie kapcie domowe na co dzień,Kolor,Jasnoszary,Rozmiar,43,,,,0.0,shopify,continue,manual,194.95,279.00,true,true
damskie-kapcie-domowe-na-co-dzien,,,Brązowy,,43,,,,0.0,shopify,continue,manual,194.95,279.00,true,true
damskie-kapcie-domowe-na-co-dzien,,,Czerwony,,43,,,,0.0,shopify,continue,manual,194.95,279.00,true,true
damskie-kapcie-domowe-na-co-dzien,,,Różowy,,43,,,,0.0,shopify,continue,manual,194.95,279.00,true,true
meskie-sneakersy-wiazane-na-co-dzien,Męskie sneakersy wiązane na co dzień,Kolor,Beżowy,Rozmiar,45,,,,0.0,shopify,continue,manual,194.95,279.00,true,true
meskie-sneakersy-wiazane-na-co-dzien,,,Beżowy,,46,,,,0.0,shopify,continue,manual,194.95,279.00,true,true
meskie-sneakersy-wiazane-na-co-dzien,,,Czarny,,45,,,,0.0,shopify,continue,manual,194.95,279.00,true,true
meskie-sneakersy-wiazane-na-co-dzien,,,Czarny,,46,,,,0.0,shopify,continue,manual,194.95,279.00,true,true
meskie-sneakersy-wiazane-na-co-dzien,,,Biały,,45,,,,0.0,shopify,continue,manual,194.95,279.00,true,true
meskie-sneakersy-wiazane-na-co-dzien,,,Biały,,46,,,,0.0,shopify,continue,manual,194.95,279.00,true,true
meskie-buty-wsuwane-na-co-dzien,Męskie buty wsuwane na co dzień,Kolor,Brązowy,Rozmiar,45,,,,0.0,shopify,continue,manual,154.95,221.00,true,true
meskie-buty-wsuwane-na-co-dzien,,,Brązowy,,46,,,,0.0,shopify,continue,manual,154.95,221.00,true,true
meskie-buty-wsuwane-na-co-dzien,,,Czarny,,45,,,,0.0,shopify,continue,manual,154.95,221.00,true,true
meskie-buty-wsuwane-na-co-dzien,,,Czarny,,46,,,,0.0,shopify,continue,manual,154.95,221.00,true,true
meskie-buty-wsuwane-na-co-dzien,,,Szary,,45,,,,0.0,shopify,continue,manual,154.95,221.00,true,true
meskie-buty-wsuwane-na-co-dzien,,,Szary,,46,,,,0.0,shopify,continue,manual,154.95,221.00,true,true
meskie-buty-wsuwane-na-co-dzien,,,Niebieski,,45,,,,0.0,shopify,continue,manual,154.95,221.00,true,true
meskie-buty-wsuwane-na-co-dzien,,,Niebieski,,46,,,,0.0,shopify,continue,manual,154.95,221.00,true,true
meskie-buty-wsuwane-na-co-dzien,,,Zielony,,45,,,,0.0,shopify,continue,manual,154.95,221.00,true,true
meskie-buty-wsuwane-na-co-dzien,,,Zielony,,46,,,,0.0,shopify,continue,manual,154.95,221.00,true,true
damskie-botki-z-perforowanym-wykonczeniem,Damskie botki z perforowanym wykończeniem,Kolor,Biały,Rozmiar,43,,,,0.0,shopify,continue,manual,214.95,307.00,true,true
damskie-botki-z-perforowanym-wykonczeniem,,,Czarny,,43,,,,0.0,shopify,continue,manual,214.95,307.00,true,true
damskie-botki-z-perforowanym-wykonczeniem,,,Khaki,,43,,,,0.0,shopify,continue,manual,214.95,307.00,true,true
damskie-botki-z-perforowanym-wykonczeniem,,,Brązowy,,43,,,,0.0,shopify,continue,manual,214.95,307.00,true,true
meskie-eleganckie-polbuty-do-formalnych-zestawow,Męskie eleganckie półbuty do formalnych zestawów,Kolor,Brązowy,Rozmiar,45,,,,0.0,shopify,continue,manual,294.95,421.00,true,true
meskie-eleganckie-polbuty-do-formalnych-zestawow,,,Brązowy,,46,,,,0.0,shopify,continue,manual,294.95,421.00,true,true
meskie-eleganckie-polbuty-do-formalnych-zestawow,,,Czarny,,45,,,,0.0,shopify,continue,manual,294.95,421.00,true,true
meskie-eleganckie-polbuty-do-formalnych-zestawow,,,Czarny,,46,,,,0.0,shopify,continue,manual,294.95,421.00,true,true
meskie-eleganckie-polbuty-do-formalnych-zestawow,,,Granatowy,,45,,,,0.0,shopify,continue,manual,294.95,421.00,true,true
meskie-eleganckie-polbuty-do-formalnych-zestawow,,,Granatowy,,46,,,,0.0,shopify,continue,manual,294.95,421.00,true,true
damskie-botki-kowbojskie-do-codziennych-zestawow,Damskie botki kowbojskie do codziennych zestawów,Kolor,Czarny,Rozmiar,36,,,,0.0,shopify,continue,manual,434.95,621.00,true,true
damskie-botki-kowbojskie-do-codziennych-zestawow,,,Czarny,,37,,,,0.0,shopify,continue,manual,434.95,621.00,true,true
damskie-botki-kowbojskie-do-codziennych-zestawow,,,Czarny,,38,,,,0.0,shopify,continue,manual,434.95,621.00,true,true
damskie-botki-kowbojskie-do-codziennych-zestawow,,,Brązowy,,36,,,,0.0,shopify,continue,manual,434.95,621.00,true,true
damskie-botki-kowbojskie-do-codziennych-zestawow,,,Brązowy,,37,,,,0.0,shopify,continue,manual,434.95,621.00,true,true
damskie-botki-kowbojskie-do-codziennych-zestawow,,,Brązowy,,38,,,,0.0,shopify,continue,manual,434.95,621.00,true,true
meskie-chodaki-do-codziennych-zestawow,Męskie chodaki do codziennych zestawów,Kolor,Ciemnoszary,Rozmiar,45,,,,0.0,shopify,continue,manual,149.95,214.00,true,true
meskie-chodaki-do-codziennych-zestawow,,,Ciemnoszary,,46,,,,0.0,shopify,continue,manual,149.95,214.00,true,true
meskie-chodaki-do-codziennych-zestawow,,,Beżowy,,45,,,,0.0,shopify,continue,manual,149.95,214.00,true,true
meskie-chodaki-do-codziennych-zestawow,,,Beżowy,,46,,,,0.0,shopify,continue,manual,149.95,214.00,true,true
meskie-chodaki-do-codziennych-zestawow,,,Khaki,,45,,,,0.0,shopify,continue,manual,149.95,214.00,true,true
meskie-chodaki-do-codziennych-zestawow,,,Khaki,,46,,,,0.0,shopify,continue,manual,149.95,214.00,true,true
meskie-chodaki-do-codziennych-zestawow,,,Czarny,,45,,,,0.0,shopify,continue,manual,149.95,214.00,true,true
meskie-chodaki-do-codziennych-zestawow,,,Czarny,,46,,,,0.0,shopify,continue,manual,149.95,214.00,true,true
floria-damski-klapki-z-dwoma-paskami-regulowane-klamry-i-profilowana-wkladka,Damskie klapki z dwoma paskami i regulowanymi klamrami na lato,Kolor,bezowy,Rozmiar,43,,,,0.0,shopify,continue,manual,199.95,286.00,true,true
floria-damski-klapki-z-dwoma-paskami-regulowane-klamry-i-profilowana-wkladka,,,khaki,,43,,,,0.0,shopify,continue,manual,199.95,286.00,true,true
floria-damski-klapki-z-dwoma-paskami-regulowane-klamry-i-profilowana-wkladka,,,czarny,,43,,,,0.0,shopify,continue,manual,199.95,286.00,true,true
floria-damski-klapki-z-dwoma-paskami-regulowane-klamry-i-profilowana-wkladka,,,brazowy,,43,,,,0.0,shopify,continue,manual,199.95,286.00,true,true
